60°N 12°W,10 %
60°N 12°W,30 %
65°N 44°E,50 %
59°N 12°W,70 %
59°N 12°W,80 %
58°N 12°W,80 %
58°N 12°W,70 %
58°N 12°W,80 %
57°N 12°W,80 %
57°N 12°W,90 %
56°N 12°W,90 %
56°N 12°W,90 %
56°N 12°W,90 %
55°N 12°W,80 %
55°N 12°W,80 %
54°N 12°W,90 %
54°N 12°W,70 %
54°N 12°W,90 %
53°N 12°W,90 %
53°N 12°W,90 %
52°N 12°W,100 %
52°N 12°W,100 %
52°N 12°W,100 %
51°N 12°W,100 %
51°N 12°W,90 %
50°N 12°W,90 %
50°N 12°W,90 %
49°N 12°W,90 %
49°N 12°W,100 %
48°N 12°W,90 %
48°N 12°W,80 %
47°N 12°W,100 %
47°N 12°W,100 %
46°N 12°W,90 %
46°N 12°W,80 %
45°N 12°W,100 %
45°N 12°W,70 %
44°N 12°W,80 %
44°N 12°W,60 %
43°N 12°W,30 %
43°N 12°W,50 %
42°N 12°W,0 %
42°N 12°W,10 %
41°N 12°W,40 %
41°N 12°W,30 %
40°N 12°W,0 %
40°N 12°W,10 %
39°N 12°W,10 %
39°N 12°W,10 %
38°N 12°W,10 %
38°N 12°W,0 %
37°N 12°W,0 %
60°N 12°W,10 %
60°N 12°W,20 %
59°N 12°W,40 %
59°N 12°W,60 %
59°N 12°W,70 %
58°N 12°W,80 %
58°N 12°W,100 %
58°N 12°W,80 %
57°N 12°W,90 %
57°N 12°W,100 %
56°N 12°W,100 %
56°N 12°W,100 %
56°N 12°W,100 %
55°N 12°W,70 %
55°N 12°W,70 %
54°N 12°W,100 %
54°N 12°W,90 %
54°N 12°W,90 %
53°N 12°W,80 %
53°N 12°W,90 %
52°N 12°W,100 %
52°N 12°W,80 %
52°N 12°W,100 %
51°N 12°W,90 %
51°N 12°W,90 %
50°N 12°W,90 %
50°N 12°W,80 %
49°N 12°W,70 %
49°N 12°W,70 %
48°N 12°W,80 %
48°N 12°W,80 %
47°N 12°W,80 %
47°N 12°W,80 %
46°N 12°W,90 %
46°N 12°W,100 %
45°N 12°W,90 %
45°N 12°W,70 %
44°N 12°W,20 %
44°N 12°W,0 %
43°N 12°W,0 %
43°N 12°W,10 %
42°N 12°W,20 %
42°N 12°W,0 %
41°N 12°W,0 %
41°N 12°W,0 %
40°N 12°W,0 %
40°N 12°W,0 %
39°N 12°W,0 %
39°N 12°W,0 %
38°N 12°W,0 %
38°N 12°W,40 %
37°N 12°W,20 %
60°N 11°W,50 %
60°N 11°W,30 %
59°N 11°W,40 %
59°N 11°W,70 %
59°N 11°W,100 %
58°N 11°W,90 %
58°N 11°W,70 %
58°N 11°W,80 %
57°N 11°W,80 %
57°N 11°W,90 %
56°N 11°W,90 %
56°N 11°W,40 %
56°N 11°W,70 %
55°N 11°W,90 %
55°N 11°W,70 %
54°N 11°W,90 %
54°N 11°W,100 %
54°N 11°W,100 %
53°N 11°W,100 %
53°N 11°W,90 %
52°N 11°W,90 %
52°N 11°W,100 %
52°N 11°W,90 %
51°N 11°W,90 %
51°N 11°W,80 %
50°N 11°W,100 %
50°N 11°W,100 %
49°N 11°W,90 %
49°N 11°W,90 %
48°N 11°W,100 %
48°N 11°W,100 %
47°N 11°W,80 %
47°N 11°W,70 %
46°N 11°W,60 %
46°N 11°W,50 %
45°N 11°W,40 %
45°N 11°W,20 %
44°N 11°W,0 %
44°N 11°W,0 %
43°N 11°W,0 %
43°N 11°W,10 %
42°N 11°W,10 %
42°N 11°W,0 %
41°N 11°W,0 %
41°N 11°W,0 %
40°N 11°W,0 %
40°N 11°W,0 %
39°N 11°W,0 %
39°N 11°W,0 %
38°N 11°W,0 %
38°N 11°W,0 %
37°N 11°W,40 %
60°N 10°W,80 %
60°N 10°W,80 %
59°N 10°W,90 %
59°N 10°W,100 %
59°N 10°W,100 %
58°N 10°W,80 %
58°N 10°W,60 %
58°N 10°W,20 %
57°N 10°W,10 %
57°N 10°W,40 %
56°N 10°W,50 %
56°N 10°W,40 %
56°N 10°W,50 %
55°N 10°W,40 %
55°N 10°W,30 %
54°N 10°W,60 %
54°N 10°W,70 %
54°N 10°W,80 %
53°N 10°W,70 %
53°N 10°W,70 %
52°N 10°W,60 %
52°N 10°W,50 %
52°N 10°W,80 %
51°N 10°W,90 %
51°N 10°W,100 %
50°N 10°W,100 %
50°N 10°W,80 %
49°N 10°W,90 %
49°N 10°W,100 %
48°N 10°W,90 %
48°N 10°W,80 %
47°N 10°W,100 %
47°N 10°W,100 %
46°N 10°W,20 %
46°N 10°W,0 %
45°N 10°W,0 %
45°N 10°W,0 %
44°N 10°W,0 %
44°N 10°W,0 %
43°N 10°W,0 %
43°N 10°W,0 %
42°N 10°W,0 %
42°N 10°W,0 %
41°N 10°W,0 %
41°N 10°W,0 %
40°N 10°W,0 %
40°N 10°W,0 %
39°N 10°W,0 %
39°N 10°W,10 %
38°N 10°W,0 %
38°N 10°W,10 %
37°N 10°W,0 %
60°N 10°W,90 %
60°N 10°W,100 %
59°N 10°W,100 %
59°N 10°W,90 %
59°N 10°W,70 %
58°N 10°W,70 %
58°N 10°W,90 %
58°N 10°W,20 %
57°N 10°W,0 %
57°N 10°W,20 %
56°N 10°W,40 %
56°N 10°W,60 %
56°N 10°W,50 %
55°N 10°W,10 %
55°N 10°W,0 %
54°N 10°W,10 %
54°N 10°W,10 %
54°N 10°W,20 %
53°N 10°W,30 %
53°N 10°W,70 %
52°N 10°W,80 %
52°N 10°W,30 %
52°N 10°W,90 %
51°N 10°W,80 %
51°N 10°W,60 %
50°N 10°W,90 %
50°N 10°W,100 %
49°N 10°W,90 %
49°N 10°W,70 %
48°N 10°W,60 %
48°N 10°W,60 %
47°N 10°W,50 %
47°N 10°W,40 %
46°N 10°W,40 %
46°N 10°W,0 %
45°N 10°W,0 %
45°N 10°W,0 %
44°N 10°W,0 %
44°N 10°W,0 %
43°N 10°W,0 %
43°N 10°W,0 %
42°N 10°W,10 %
42°N 10°W,0 %
41°N 10°W,0 %
41°N 10°W,0 %
40°N 10°W,0 %
40°N 10°W,0 %
39°N 10°W,10 %
39°N 10°W,10 %
38°N 10°W,0 %
38°N 10°W,20 %
37°N 10°W,0 %
60°N 9°W,100 %
60°N 9°W,90 %
59°N 9°W,80 %
59°N 9°W,70 %
59°N 9°W,10 %
58°N 9°W,0 %
58°N 9°W,30 %
58°N 9°W,30 %
57°N 9°W,0 %
57°N 9°W,0 %
56°N 9°W,20 %
56°N 9°W,10 %
56°N 9°W,60 %
55°N 9°W,40 %
55°N 9°W,0 %
54°N 9°W,0 %
54°N 9°W,0 %
54°N 9°W,0 %
53°N 9°W,30 %
53°N 9°W,70 %
52°N 9°W,90 %
52°N 9°W,80 %
52°N 9°W,90 %
51°N 9°W,80 %
51°N 9°W,30 %
50°N 9°W,30 %
50°N 9°W,60 %
49°N 9°W,60 %
49°N 9°W,30 %
48°N 9°W,30 %
48°N 9°W,40 %
47°N 9°W,10 %
47°N 9°W,0 %
46°N 9°W,10 %
46°N 9°W,0 %
45°N 9°W,0 %
45°N 9°W,0 %
44°N 9°W,10 %
44°N 9°W,10 %
43°N 9°W,0 %
43°N 9°W,0 %
42°N 9°W,0 %
42°N 9°W,0 %
41°N 9°W,0 %
41°N 9°W,0 %
40°N 9°W,0 %
40°N 9°W,0 %
39°N 9°W,0 %
39°N 9°W,0 %
38°N 9°W,0 %
38°N 9°W,0 %
37°N 9°W,0 %
60°N 8°W,90 %
60°N 8°W,80 %
59°N 8°W,70 %
59°N 8°W,40 %
59°N 8°W,10 %
58°N 8°W,0 %
58°N 8°W,10 %
58°N 8°W,0 %
57°N 8°W,20 %
57°N 8°W,10 %
56°N 8°W,0 %
56°N 8°W,10 %
56°N 8°W,20 %
55°N 8°W,10 %
55°N 8°W,0 %
54°N 8°W,10 %
54°N 8°W,30 %
54°N 8°W,30 %
66°N 51°E,10 %
53°N 8°W,20 %
52°N 8°W,70 %
52°N 8°W,100 %
52°N 8°W,100 %
51°N 8°W,100 %
51°N 8°W,100 %
50°N 8°W,100 %
50°N 8°W,100 %
49°N 8°W,100 %
49°N 8°W,80 %
48°N 8°W,50 %
48°N 8°W,10 %
47°N 8°W,0 %
47°N 8°W,0 %
46°N 8°W,0 %
46°N 8°W,0 %
45°N 8°W,0 %
45°N 8°W,0 %
44°N 8°W,0 %
44°N 8°W,0 %
43°N 8°W,0 %
43°N 8°W,0 %
42°N 8°W,10 %
42°N 8°W,0 %
41°N 8°W,0 %
41°N 8°W,0 %
40°N 8°W,0 %
40°N 8°W,0 %
39°N 8°W,0 %
39°N 8°W,0 %
38°N 8°W,0 %
38°N 8°W,0 %
37°N 8°W,0 %
60°N 7°W,0 %
60°N 7°W,10 %
59°N 7°W,20 %
59°N 7°W,0 %
59°N 7°W,0 %
58°N 7°W,10 %
58°N 7°W,0 %
58°N 7°W,0 %
57°N 7°W,50 %
57°N 7°W,100 %
56°N 7°W,70 %
56°N 7°W,20 %
56°N 7°W,0 %
55°N 7°W,10 %
55°N 7°W,10 %
54°N 7°W,0 %
54°N 7°W,0 %
54°N 7°W,0 %
53°N 7°W,30 %
53°N 7°W,70 %
52°N 7°W,100 %
52°N 7°W,100 %
52°N 7°W,100 %
51°N 7°W,80 %
51°N 7°W,60 %
50°N 7°W,80 %
50°N 7°W,100 %
49°N 7°W,100 %
49°N 7°W,80 %
48°N 7°W,30 %
48°N 7°W,0 %
47°N 7°W,10 %
47°N 7°W,20 %
46°N 7°W,0 %
46°N 7°W,10 %
45°N 7°W,0 %
45°N 7°W,0 %
44°N 7°W,0 %
44°N 7°W,10 %
43°N 7°W,10 %
43°N 7°W,0 %
42°N 7°W,0 %
42°N 7°W,0 %
41°N 7°W,0 %
41°N 7°W,0 %
40°N 7°W,0 %
40°N 7°W,0 %
39°N 7°W,0 %
39°N 7°W,0 %
38°N 7°W,10 %
38°N 7°W,10 %
37°N 7°W,0 %
60°N 7°W,10 %
60°N 7°W,10 %
59°N 7°W,10 %
59°N 7°W,0 %
59°N 7°W,0 %
58°N 7°W,40 %
58°N 7°W,90 %
58°N 7°W,60 %
57°N 7°W,50 %
57°N 7°W,70 %
56°N 7°W,50 %
56°N 7°W,40 %
56°N 7°W,10 %
55°N 7°W,0 %
55°N 7°W,0 %
54°N 7°W,0 %
54°N 7°W,0 %
54°N 7°W,50 %
53°N 7°W,100 %
53°N 7°W,100 %
52°N 7°W,100 %
52°N 7°W,100 %
52°N 7°W,90 %
51°N 7°W,90 %
51°N 7°W,100 %
50°N 7°W,100 %
50°N 7°W,90 %
49°N 7°W,90 %
49°N 7°W,90 %
48°N 7°W,40 %
48°N 7°W,0 %
47°N 7°W,0 %
47°N 7°W,10 %
46°N 7°W,10 %
46°N 7°W,10 %
45°N 7°W,10 %
45°N 7°W,10 %
44°N 7°W,0 %
44°N 7°W,0 %
43°N 7°W,0 %
43°N 7°W,10 %
42°N 7°W,10 %
42°N 7°W,10 %
41°N 7°W,0 %
41°N 7°W,0 %
40°N 7°W,0 %
40°N 7°W,0 %
39°N 7°W,0 %
39°N 7°W,0 %
38°N 7°W,0 %
38°N 7°W,0 %
37°N 7°W,10 %
60°N 6°W,40 %
60°N 6°W,10 %
59°N 6°W,0 %
59°N 6°W,30 %
59°N 6°W,30 %
58°N 6°W,30 %
58°N 6°W,50 %
58°N 6°W,40 %
57°N 6°W,50 %
57°N 6°W,50 %
56°N 6°W,40 %
56°N 6°W,40 %
56°N 6°W,10 %
55°N 6°W,0 %
55°N 6°W,0 %
54°N 6°W,0 %
54°N 6°W,0 %
54°N 6°W,60 %
53°N 6°W,70 %
53°N 6°W,30 %
52°N 6°W,60 %
52°N 6°W,100 %
52°N 6°W,60 %
51°N 6°W,90 %
51°N 6°W,100 %
50°N 6°W,70 %
50°N 6°W,60 %
49°N 6°W,70 %
49°N 6°W,60 %
48°N 6°W,30 %
48°N 6°W,0 %
47°N 6°W,0 %
47°N 6°W,10 %
46°N 6°W,40 %
46°N 6°W,0 %
45°N 6°W,0 %
45°N 6°W,0 %
44°N 6°W,0 %
44°N 6°W,0 %
43°N 6°W,0 %
43°N 6°W,0 %
42°N 6°W,0 %
42°N 6°W,10 %
41°N 6°W,0 %
41°N 6°W,0 %
40°N 6°W,0 %
40°N 6°W,0 %
39°N 6°W,0 %
39°N 6°W,0 %
38°N 6°W,0 %
38°N 6°W,20 %
37°N 6°W,0 %
60°N 5°W,30 %
60°N 5°W,10 %
59°N 5°W,10 %
59°N 5°W,40 %
59°N 5°W,60 %
58°N 5°W,40 %
58°N 5°W,20 %
58°N 5°W,30 %
57°N 5°W,40 %
57°N 5°W,20 %
56°N 5°W,0 %
56°N 5°W,10 %
56°N 5°W,40 %
55°N 5°W,80 %
55°N 5°W,100 %
54°N 5°W,50 %
54°N 5°W,20 %
54°N 5°W,60 %
53°N 5°W,50 %
53°N 5°W,0 %
52°N 5°W,20 %
52°N 5°W,100 %
52°N 5°W,70 %
51°N 5°W,100 %
51°N 5°W,100 %
50°N 5°W,80 %
50°N 5°W,90 %
49°N 5°W,100 %
49°N 5°W,60 %
48°N 5°W,10 %
48°N 5°W,10 %
47°N 5°W,40 %
47°N 5°W,30 %
46°N 5°W,0 %
46°N 5°W,0 %
45°N 5°W,0 %
45°N 5°W,0 %
44°N 5°W,10 %
44°N 5°W,20 %
43°N 5°W,20 %
43°N 5°W,40 %
42°N 5°W,60 %
42°N 5°W,0 %
41°N 5°W,0 %
41°N 5°W,0 %
40°N 5°W,0 %
40°N 5°W,0 %
39°N 5°W,0 %
39°N 5°W,0 %
38°N 5°W,0 %
38°N 5°W,30 %
37°N 5°W,30 %
60°N 5°W,20 %
60°N 5°W,20 %
59°N 5°W,40 %
59°N 5°W,40 %
59°N 5°W,40 %
58°N 5°W,20 %
58°N 5°W,0 %
58°N 5°W,20 %
57°N 5°W,10 %
57°N 5°W,0 %
56°N 5°W,0 %
56°N 5°W,70 %
56°N 5°W,90 %
55°N 5°W,90 %
55°N 5°W,90 %
54°N 5°W,90 %
54°N 5°W,70 %
54°N 5°W,70 %
53°N 5°W,100 %
53°N 5°W,50 %
52°N 5°W,10 %
52°N 5°W,80 %
52°N 5°W,100 %
51°N 5°W,100 %
51°N 5°W,100 %
50°N 5°W,100 %
50°N 5°W,80 %
49°N 5°W,30 %
49°N 5°W,10 %
48°N 5°W,0 %
48°N 5°W,10 %
47°N 5°W,80 %
47°N 5°W,80 %
46°N 5°W,0 %
46°N 5°W,0 %
45°N 5°W,0 %
45°N 5°W,20 %
44°N 5°W,40 %
44°N 5°W,40 %
43°N 5°W,10 %
43°N 5°W,0 %
42°N 5°W,0 %
42°N 5°W,0 %
41°N 5°W,0 %
41°N 5°W,0 %
40°N 5°W,0 %
40°N 5°W,0 %
39°N 5°W,0 %
39°N 5°W,0 %
38°N 5°W,50 %
38°N 5°W,10 %
37°N 5°W,100 %
60°N 4°W,40 %
60°N 4°W,60 %
59°N 4°W,60 %
59°N 4°W,60 %
59°N 4°W,50 %
58°N 4°W,20 %
58°N 4°W,0 %
58°N 4°W,0 %
57°N 4°W,0 %
57°N 4°W,30 %
56°N 4°W,100 %
56°N 4°W,100 %
56°N 4°W,60 %
55°N 4°W,70 %
55°N 4°W,100 %
54°N 4°W,100 %
54°N 4°W,100 %
54°N 4°W,100 %
53°N 4°W,100 %
53°N 4°W,50 %
52°N 4°W,10 %
52°N 4°W,100 %
52°N 4°W,90 %
51°N 4°W,90 %
51°N 4°W,60 %
50°N 4°W,80 %
50°N 4°W,40 %
49°N 4°W,0 %
49°N 4°W,0 %
48°N 4°W,0 %
48°N 4°W,50 %
47°N 4°W,100 %
47°N 4°W,70 %
46°N 4°W,40 %
46°N 4°W,10 %
45°N 4°W,0 %
45°N 4°W,0 %
44°N 4°W,0 %
44°N 4°W,0 %
43°N 4°W,0 %
43°N 4°W,10 %
42°N 4°W,10 %
42°N 4°W,40 %
41°N 4°W,60 %
41°N 4°W,30 %
40°N 4°W,10 %
40°N 4°W,30 %
39°N 4°W,30 %
39°N 4°W,50 %
38°N 4°W,60 %
38°N 4°W,100 %
37°N 4°W,80 %
60°N 3°W,40 %
60°N 3°W,50 %
59°N 3°W,50 %
59°N 3°W,50 %
59°N 3°W,20 %
58°N 3°W,0 %
58°N 3°W,0 %
58°N 3°W,0 %
57°N 3°W,40 %
57°N 3°W,100 %
56°N 3°W,100 %
56°N 3°W,90 %
56°N 3°W,90 %
55°N 3°W,70 %
55°N 3°W,60 %
54°N 3°W,100 %
54°N 3°W,100 %
54°N 3°W,100 %
53°N 3°W,100 %
53°N 3°W,40 %
52°N 3°W,10 %
52°N 3°W,100 %
52°N 3°W,90 %
51°N 3°W,60 %
51°N 3°W,20 %
50°N 3°W,40 %
50°N 3°W,20 %
49°N 3°W,0 %
49°N 3°W,0 %
48°N 3°W,0 %
48°N 3°W,20 %
47°N 3°W,70 %
47°N 3°W,60 %
46°N 3°W,50 %
46°N 3°W,0 %
45°N 3°W,0 %
45°N 3°W,10 %
44°N 3°W,0 %
44°N 3°W,0 %
43°N 3°W,30 %
43°N 3°W,60 %
42°N 3°W,60 %
42°N 3°W,50 %
41°N 3°W,50 %
41°N 3°W,60 %
40°N 3°W,70 %
40°N 3°W,60 %
39°N 3°W,60 %
39°N 3°W,40 %
38°N 3°W,50 %
38°N 3°W,80 %
37°N 3°W,100 %
60°N 3°W,50 %
60°N 3°W,60 %
59°N 3°W,60 %
59°N 3°W,60 %
59°N 3°W,20 %
58°N 3°W,0 %
58°N 3°W,0 %
58°N 3°W,0 %
57°N 3°W,40 %
57°N 3°W,80 %
56°N 3°W,60 %
56°N 3°W,50 %
56°N 3°W,90 %
55°N 3°W,90 %
55°N 3°W,80 %
54°N 3°W,100 %
54°N 3°W,90 %
54°N 3°W,100 %
53°N 3°W,100 %
53°N 3°W,60 %
52°N 3°W,10 %
52°N 3°W,80 %
52°N 3°W,80 %
51°N 3°W,70 %
51°N 3°W,90 %
50°N 3°W,40 %
50°N 3°W,0 %
49°N 3°W,0 %
49°N 3°W,0 %
48°N 3°W,0 %
48°N 3°W,10 %
47°N 3°W,20 %
47°N 3°W,30 %
46°N 3°W,40 %
46°N 3°W,20 %
45°N 3°W,20 %
45°N 3°W,0 %
44°N 3°W,0 %
44°N 3°W,50 %
43°N 3°W,70 %
43°N 3°W,60 %
42°N 3°W,60 %
42°N 3°W,60 %
41°N 3°W,60 %
41°N 3°W,40 %
40°N 3°W,60 %
40°N 3°W,90 %
39°N 3°W,80 %
39°N 3°W,90 %
38°N 3°W,90 %
38°N 3°W,90 %
37°N 3°W,90 %
60°N 2°W,50 %
60°N 2°W,60 %
59°N 2°W,70 %
59°N 2°W,60 %
59°N 2°W,20 %
58°N 2°W,0 %
58°N 2°W,10 %
58°N 2°W,20 %
57°N 2°W,60 %
57°N 2°W,90 %
56°N 2°W,80 %
56°N 2°W,80 %
56°N 2°W,90 %
55°N 2°W,100 %
55°N 2°W,100 %
54°N 2°W,90 %
54°N 2°W,100 %
54°N 2°W,90 %
53°N 2°W,90 %
53°N 2°W,40 %
52°N 2°W,0 %
52°N 2°W,0 %
52°N 2°W,20 %
51°N 2°W,20 %
51°N 2°W,10 %
50°N 2°W,0 %
50°N 2°W,0 %
49°N 2°W,0 %
49°N 2°W,0 %
48°N 2°W,0 %
48°N 2°W,0 %
47°N 2°W,0 %
47°N 2°W,0 %
46°N 2°W,10 %
46°N 2°W,0 %
45°N 2°W,0 %
45°N 2°W,10 %
44°N 2°W,40 %
44°N 2°W,40 %
43°N 2°W,50 %
43°N 2°W,60 %
42°N 2°W,60 %
42°N 2°W,50 %
41°N 2°W,90 %
41°N 2°W,90 %
40°N 2°W,90 %
40°N 2°W,90 %
39°N 2°W,80 %
39°N 2°W,90 %
38°N 2°W,70 %
38°N 2°W,90 %
37°N 2°W,100 %
60°N 1°W,70 %
60°N 1°W,70 %
59°N 1°W,80 %
59°N 1°W,80 %
59°N 1°W,40 %
58°N 1°W,30 %
58°N 1°W,70 %
58°N 1°W,90 %
57°N 1°W,100 %
57°N 1°W,100 %
56°N 1°W,100 %
56°N 1°W,100 %
56°N 1°W,90 %
55°N 1°W,90 %
55°N 1°W,100 %
54°N 1°W,100 %
54°N 1°W,90 %
54°N 1°W,90 %
53°N 1°W,100 %
53°N 1°W,70 %
52°N 1°W,0 %
52°N 1°W,0 %
52°N 1°W,0 %
51°N 1°W,0 %
51°N 1°W,10 %
50°N 1°W,10 %
50°N 1°W,0 %
49°N 1°W,0 %
49°N 1°W,0 %
48°N 1°W,10 %
48°N 1°W,0 %
47°N 1°W,0 %
47°N 1°W,0 %
46°N 1°W,0 %
46°N 1°W,0 %
45°N 1°W,10 %
45°N 1°W,40 %
44°N 1°W,40 %
44°N 1°W,10 %
43°N 1°W,10 %
43°N 1°W,20 %
42°N 1°W,50 %
42°N 1°W,70 %
41°N 1°W,80 %
41°N 1°W,90 %
40°N 1°W,70 %
40°N 1°W,60 %
39°N 1°W,80 %
39°N 1°W,80 %
38°N 1°W,90 %
38°N 1°W,80 %
37°N 1°W,80 %
60°N 0°W,70 %
60°N 0°W,70 %
59°N 0°W,90 %
59°N 0°W,100 %
59°N 0°W,80 %
58°N 0°W,80 %
58°N 0°W,100 %
58°N 0°W,100 %
57°N 0°W,100 %
57°N 0°W,100 %
56°N 0°W,100 %
56°N 0°W,100 %
56°N 0°W,100 %
55°N 0°W,100 %
55°N 0°W,90 %
54°N 0°W,100 %
54°N 0°W,100 %
54°N 0°W,100 %
53°N 0°W,80 %
53°N 0°W,30 %
52°N 0°W,0 %
52°N 0°W,0 %
52°N 0°W,20 %
51°N 0°W,0 %
51°N 0°W,0 %
50°N 0°W,0 %
50°N 0°W,0 %
49°N 0°W,0 %
49°N 0°W,0 %
48°N 0°W,0 %
48°N 0°W,0 %
47°N 0°W,0 %
47°N 0°W,10 %
46°N 0°W,0 %
46°N 0°W,0 %
45°N 0°W,10 %
45°N 0°W,0 %
44°N 0°W,0 %
44°N 0°W,10 %
43°N 0°W,40 %
43°N 0°W,70 %
42°N 0°W,80 %
42°N 0°W,80 %
41°N 0°W,90 %
41°N 0°W,100 %
40°N 0°W,100 %
40°N 0°W,100 %
39°N 0°W,100 %
39°N 0°W,70 %
38°N 0°W,90 %
38°N 0°W,100 %
37°N 0°W,100 %
60°N 0°E,80 %
60°N 0°E,90 %
59°N 0°E,100 %
59°N 0°E,90 %
59°N 0°E,100 %
58°N 0°E,100 %
58°N 0°E,100 %
58°N 0°E,100 %
57°N 0°E,100 %
57°N 0°E,100 %
56°N 0°E,100 %
56°N 0°E,100 %
56°N 0°E,100 %
55°N 0°E,100 %
55°N 0°E,100 %
54°N 0°E,100 %
54°N 0°E,80 %
54°N 0°E,40 %
53°N 0°E,0 %
53°N 0°E,0 %
52°N 0°E,0 %
52°N 0°E,0 %
52°N 0°E,0 %
51°N 0°E,0 %
51°N 0°E,0 %
50°N 0°E,0 %
50°N 0°E,0 %
49°N 0°E,0 %
49°N 0°E,0 %
48°N 0°E,0 %
48°N 0°E,0 %
47°N 0°E,0 %
47°N 0°E,0 %
46°N 0°E,0 %
46°N 0°E,10 %
45°N 0°E,10 %
45°N 0°E,0 %
44°N 0°E,20 %
44°N 0°E,10 %
43°N 0°E,30 %
43°N 0°E,60 %
42°N 0°E,100 %
42°N 0°E,100 %
41°N 0°E,90 %
41°N 0°E,100 %
40°N 0°E,100 %
40°N 0°E,100 %
39°N 0°E,100 %
39°N 0°E,80 %
38°N 0°E,100 %
38°N 0°E,60 %
37°N 0°E,100 %
60°N 1°E,100 %
60°N 1°E,100 %
59°N 1°E,100 %
59°N 1°E,100 %
59°N 1°E,100 %
58°N 1°E,100 %
58°N 1°E,100 %
58°N 1°E,100 %
57°N 1°E,100 %
57°N 1°E,100 %
56°N 1°E,100 %
56°N 1°E,100 %
56°N 1°E,100 %
55°N 1°E,100 %
55°N 1°E,100 %
54°N 1°E,100 %
54°N 1°E,80 %
54°N 1°E,30 %
53°N 1°E,0 %
53°N 1°E,0 %
52°N 1°E,0 %
52°N 1°E,0 %
52°N 1°E,0 %
51°N 1°E,0 %
51°N 1°E,0 %
50°N 1°E,0 %
50°N 1°E,0 %
49°N 1°E,0 %
49°N 1°E,0 %
48°N 1°E,0 %
48°N 1°E,0 %
47°N 1°E,0 %
47°N 1°E,0 %
46°N 1°E,0 %
46°N 1°E,0 %
45°N 1°E,0 %
45°N 1°E,10 %
44°N 1°E,0 %
44°N 1°E,10 %
43°N 1°E,100 %
43°N 1°E,90 %
42°N 1°E,90 %
42°N 1°E,100 %
41°N 1°E,100 %
41°N 1°E,90 %
40°N 1°E,100 %
40°N 1°E,100 %
39°N 1°E,90 %
39°N 1°E,90 %
38°N 1°E,100 %
38°N 1°E,80 %
37°N 1°E,80 %
60°N 2°E,100 %
60°N 2°E,100 %
59°N 2°E,100 %
59°N 2°E,90 %
59°N 2°E,90 %
58°N 2°E,100 %
58°N 2°E,100 %
58°N 2°E,100 %
57°N 2°E,100 %
57°N 2°E,100 %
56°N 2°E,100 %
56°N 2°E,100 %
56°N 2°E,100 %
55°N 2°E,100 %
55°N 2°E,100 %
54°N 2°E,90 %
54°N 2°E,60 %
54°N 2°E,20 %
53°N 2°E,0 %
53°N 2°E,0 %
52°N 2°E,0 %
52°N 2°E,10 %
52°N 2°E,0 %
51°N 2°E,0 %
51°N 2°E,0 %
50°N 2°E,0 %
50°N 2°E,0 %
49°N 2°E,0 %
49°N 2°E,0 %
48°N 2°E,0 %
48°N 2°E,0 %
47°N 2°E,0 %
47°N 2°E,0 %
46°N 2°E,0 %
46°N 2°E,10 %
45°N 2°E,20 %
45°N 2°E,0 %
44°N 2°E,30 %
44°N 2°E,40 %
43°N 2°E,70 %
43°N 2°E,90 %
42°N 2°E,70 %
42°N 2°E,80 %
41°N 2°E,100 %
41°N 2°E,90 %
40°N 2°E,100 %
40°N 2°E,100 %
39°N 2°E,50 %
39°N 2°E,40 %
38°N 2°E,70 %
38°N 2°E,60 %
37°N 2°E,80 %
60°N 2°E,100 %
60°N 2°E,100 %
59°N 2°E,100 %
59°N 2°E,100 %
59°N 2°E,100 %
58°N 2°E,100 %
58°N 2°E,100 %
58°N 2°E,100 %
57°N 2°E,100 %
57°N 2°E,100 %
56°N 2°E,100 %
56°N 2°E,100 %
56°N 2°E,100 %
55°N 2°E,100 %
55°N 2°E,90 %
54°N 2°E,80 %
54°N 2°E,20 %
54°N 2°E,0 %
53°N 2°E,0 %
53°N 2°E,0 %
52°N 2°E,10 %
52°N 2°E,0 %
52°N 2°E,0 %
51°N 2°E,0 %
51°N 2°E,0 %
50°N 2°E,0 %
50°N 2°E,0 %
49°N 2°E,0 %
49°N 2°E,0 %
48°N 2°E,0 %
48°N 2°E,0 %
47°N 2°E,0 %
47°N 2°E,0 %
46°N 2°E,0 %
46°N 2°E,0 %
45°N 2°E,10 %
45°N 2°E,20 %
44°N 2°E,30 %
44°N 2°E,50 %
43°N 2°E,100 %
43°N 2°E,100 %
42°N 2°E,90 %
42°N 2°E,80 %
41°N 2°E,80 %
41°N 2°E,100 %
40°N 2°E,90 %
40°N 2°E,80 %
39°N 2°E,90 %
39°N 2°E,70 %
38°N 2°E,50 %
38°N 2°E,60 %
37°N 2°E,90 %
60°N 3°E,100 %
60°N 3°E,100 %
59°N 3°E,100 %
59°N 3°E,100 %
59°N 3°E,100 %
58°N 3°E,100 %
58°N 3°E,100 %
58°N 3°E,100 %
57°N 3°E,100 %
57°N 3°E,100 %
56°N 3°E,100 %
56°N 3°E,100 %
56°N 3°E,100 %
55°N 3°E,100 %
55°N 3°E,100 %
54°N 3°E,80 %
54°N 3°E,10 %
54°N 3°E,0 %
53°N 3°E,0 %
53°N 3°E,0 %
52°N 3°E,0 %
52°N 3°E,0 %
52°N 3°E,0 %
51°N 3°E,10 %
51°N 3°E,0 %
50°N 3°E,0 %
50°N 3°E,0 %
49°N 3°E,0 %
49°N 3°E,0 %
48°N 3°E,0 %
48°N 3°E,0 %
47°N 3°E,0 %
47°N 3°E,10 %
46°N 3°E,20 %
46°N 3°E,50 %
45°N 3°E,0 %
45°N 3°E,20 %
44°N 3°E,60 %
44°N 3°E,50 %
43°N 3°E,50 %
43°N 3°E,50 %
42°N 3°E,100 %
42°N 3°E,100 %
41°N 3°E,90 %
41°N 3°E,100 %
40°N 3°E,80 %
40°N 3°E,70 %
39°N 3°E,100 %
39°N 3°E,60 %
38°N 3°E,30 %
38°N 3°E,70 %
37°N 3°E,80 %
60°N 4°E,100 %
60°N 4°E,100 %
59°N 4°E,100 %
59°N 4°E,100 %
59°N 4°E,100 %
58°N 4°E,100 %
58°N 4°E,100 %
58°N 4°E,100 %
57°N 4°E,100 %
57°N 4°E,100 %
56°N 4°E,100 %
56°N 4°E,90 %
56°N 4°E,90 %
55°N 4°E,100 %
55°N 4°E,100 %
54°N 4°E,80 %
54°N 4°E,10 %
54°N 4°E,0 %
53°N 4°E,0 %
53°N 4°E,0 %
52°N 4°E,0 %
52°N 4°E,0 %
52°N 4°E,10 %
51°N 4°E,0 %
51°N 4°E,0 %
50°N 4°E,0 %
50°N 4°E,0 %
49°N 4°E,0 %
49°N 4°E,0 %
48°N 4°E,0 %
48°N 4°E,0 %
47°N 4°E,10 %
47°N 4°E,30 %
46°N 4°E,20 %
46°N 4°E,0 %
45°N 4°E,0 %
45°N 4°E,50 %
44°N 4°E,70 %
44°N 4°E,60 %
43°N 4°E,50 %
43°N 4°E,100 %
42°N 4°E,90 %
42°N 4°E,90 %
41°N 4°E,100 %
41°N 4°E,80 %
40°N 4°E,60 %
40°N 4°E,70 %
39°N 4°E,60 %
39°N 4°E,70 %
38°N 4°E,50 %
38°N 4°E,40 %
37°N 4°E,50 %
60°N 4°E,80 %
60°N 4°E,60 %
59°N 4°E,70 %
59°N 4°E,100 %
59°N 4°E,100 %
58°N 4°E,90 %
58°N 4°E,100 %
58°N 4°E,100 %
57°N 4°E,90 %
57°N 4°E,90 %
56°N 4°E,100 %
56°N 4°E,100 %
56°N 4°E,100 %
55°N 4°E,100 %
55°N 4°E,100 %
54°N 4°E,90 %
54°N 4°E,10 %
54°N 4°E,0 %
53°N 4°E,0 %
53°N 4°E,0 %
52°N 4°E,0 %
52°N 4°E,0 %
52°N 4°E,0 %
51°N 4°E,0 %
51°N 4°E,0 %
50°N 4°E,0 %
50°N 4°E,0 %
49°N 4°E,0 %
49°N 4°E,0 %
48°N 4°E,0 %
48°N 4°E,0 %
47°N 4°E,0 %
47°N 4°E,10 %
46°N 4°E,0 %
46°N 4°E,0 %
45°N 4°E,60 %
45°N 4°E,80 %
44°N 4°E,60 %
44°N 4°E,30 %
43°N 4°E,70 %
43°N 4°E,40 %
42°N 4°E,100 %
42°N 4°E,100 %
41°N 4°E,100 %
41°N 4°E,80 %
40°N 4°E,70 %
40°N 4°E,80 %
39°N 4°E,80 %
39°N 4°E,60 %
38°N 4°E,100 %
38°N 4°E,70 %
37°N 4°E,70 %
60°N 5°E,90 %
60°N 5°E,100 %
59°N 5°E,100 %
59°N 5°E,90 %
59°N 5°E,100 %
58°N 5°E,100 %
58°N 5°E,90 %
58°N 5°E,100 %
57°N 5°E,100 %
57°N 5°E,90 %
56°N 5°E,100 %
56°N 5°E,100 %
56°N 5°E,90 %
55°N 5°E,90 %
55°N 5°E,100 %
54°N 5°E,100 %
54°N 5°E,10 %
54°N 5°E,0 %
53°N 5°E,10 %
53°N 5°E,10 %
52°N 5°E,0 %
52°N 5°E,0 %
52°N 5°E,10 %
51°N 5°E,0 %
51°N 5°E,0 %
50°N 5°E,0 %
50°N 5°E,0 %
49°N 5°E,0 %
49°N 5°E,0 %
48°N 5°E,0 %
48°N 5°E,10 %
47°N 5°E,10 %
47°N 5°E,0 %
46°N 5°E,10 %
46°N 5°E,30 %
45°N 5°E,70 %
45°N 5°E,10 %
44°N 5°E,50 %
44°N 5°E,40 %
43°N 5°E,40 %
43°N 5°E,100 %
42°N 5°E,100 %
42°N 5°E,100 %
41°N 5°E,100 %
41°N 5°E,70 %
40°N 5°E,60 %
40°N 5°E,70 %
39°N 5°E,100 %
39°N 5°E,90 %
38°N 5°E,20 %
38°N 5°E,60 %
37°N 5°E,30 %
60°N 6°E,30 %
60°N 6°E,20 %
59°N 6°E,30 %
59°N 6°E,70 %
59°N 6°E,90 %
58°N 6°E,90 %
58°N 6°E,90 %
58°N 6°E,90 %
57°N 6°E,90 %
57°N 6°E,100 %
56°N 6°E,100 %
56°N 6°E,100 %
56°N 6°E,100 %
55°N 6°E,100 %
55°N 6°E,100 %
54°N 6°E,90 %
54°N 6°E,20 %
54°N 6°E,0 %
53°N 6°E,0 %
53°N 6°E,0 %
52°N 6°E,0 %
52°N 6°E,0 %
52°N 6°E,0 %
51°N 6°E,0 %
51°N 6°E,0 %
50°N 6°E,0 %
50°N 6°E,0 %
49°N 6°E,0 %
49°N 6°E,0 %
48°N 6°E,0 %
48°N 6°E,10 %
47°N 6°E,10 %
47°N 6°E,0 %
46°N 6°E,10 %
46°N 6°E,40 %
45°N 6°E,80 %
45°N 6°E,40 %
44°N 6°E,10 %
44°N 6°E,30 %
43°N 6°E,80 %
43°N 6°E,90 %
42°N 6°E,100 %
42°N 6°E,80 %
41°N 6°E,100 %
41°N 6°E,60 %
40°N 6°E,60 %
40°N 6°E,100 %
39°N 6°E,100 %
39°N 6°E,90 %
38°N 6°E,80 %
38°N 6°E,100 %
37°N 6°E,80 %
60°N 7°E,30 %
60°N 7°E,10 %
59°N 7°E,0 %
59°N 7°E,0 %
59°N 7°E,0 %
58°N 7°E,20 %
58°N 7°E,100 %
58°N 7°E,100 %
57°N 7°E,100 %
57°N 7°E,100 %
56°N 7°E,100 %
56°N 7°E,100 %
56°N 7°E,100 %
55°N 7°E,100 %
55°N 7°E,80 %
54°N 7°E,30 %
54°N 7°E,50 %
54°N 7°E,20 %
53°N 7°E,0 %
53°N 7°E,0 %
52°N 7°E,0 %
52°N 7°E,0 %
52°N 7°E,0 %
51°N 7°E,0 %
51°N 7°E,0 %
50°N 7°E,0 %
50°N 7°E,10 %
49°N 7°E,10 %
49°N 7°E,0 %
48°N 7°E,0 %
48°N 7°E,0 %
47°N 7°E,0 %
47°N 7°E,20 %
46°N 7°E,0 %
46°N 7°E,10 %
45°N 7°E,10 %
45°N 7°E,40 %
44°N 7°E,70 %
44°N 7°E,80 %
43°N 7°E,10 %
43°N 7°E,100 %
42°N 7°E,90 %
42°N 7°E,100 %
41°N 7°E,80 %
41°N 7°E,0 %
40°N 7°E,20 %
40°N 7°E,70 %
39°N 7°E,80 %
39°N 7°E,100 %
38°N 7°E,30 %
38°N 7°E,0 %
37°N 7°E,0 %
60°N 7°E,0 %
60°N 7°E,0 %
59°N 7°E,0 %
59°N 7°E,10 %
59°N 7°E,0 %
58°N 7°E,10 %
58°N 7°E,40 %
58°N 7°E,80 %
57°N 7°E,100 %
57°N 7°E,100 %
56°N 7°E,90 %
56°N 7°E,100 %
56°N 7°E,100 %
55°N 7°E,100 %
55°N 7°E,80 %
54°N 7°E,60 %
54°N 7°E,100 %
54°N 7°E,40 %
53°N 7°E,0 %
53°N 7°E,10 %
52°N 7°E,10 %
52°N 7°E,0 %
52°N 7°E,0 %
51°N 7°E,0 %
51°N 7°E,0 %
50°N 7°E,0 %
50°N 7°E,10 %
49°N 7°E,10 %
49°N 7°E,0 %
48°N 7°E,10 %
48°N 7°E,0 %
47°N 7°E,20 %
47°N 7°E,90 %
46°N 7°E,0 %
46°N 7°E,30 %
45°N 7°E,50 %
45°N 7°E,50 %
44°N 7°E,40 %
44°N 7°E,10 %
43°N 7°E,90 %
43°N 7°E,100 %
42°N 7°E,100 %
42°N 7°E,100 %
41°N 7°E,60 %
41°N 7°E,0 %
40°N 7°E,0 %
40°N 7°E,0 %
39°N 7°E,20 %
39°N 7°E,40 %
38°N 7°E,20 %
38°N 7°E,0 %
37°N 7°E,10 %
60°N 8°E,10 %
60°N 8°E,0 %
59°N 8°E,0 %
59°N 8°E,10 %
59°N 8°E,0 %
58°N 8°E,0 %
58°N 8°E,10 %
58°N 8°E,80 %
57°N 8°E,100 %
57°N 8°E,100 %
56°N 8°E,90 %
56°N 8°E,100 %
56°N 8°E,90 %
55°N 8°E,90 %
55°N 8°E,100 %
54°N 8°E,90 %
54°N 8°E,80 %
54°N 8°E,40 %
53°N 8°E,20 %
53°N 8°E,40 %
52°N 8°E,40 %
52°N 8°E,0 %
52°N 8°E,10 %
51°N 8°E,0 %
51°N 8°E,0 %
50°N 8°E,0 %
50°N 8°E,0 %
49°N 8°E,10 %
49°N 8°E,10 %
48°N 8°E,0 %
48°N 8°E,30 %
47°N 8°E,80 %
47°N 8°E,0 %
46°N 8°E,20 %
46°N 8°E,60 %
45°N 8°E,10 %
45°N 8°E,50 %
44°N 8°E,10 %
44°N 8°E,10 %
43°N 8°E,100 %
43°N 8°E,10 %
42°N 8°E,100 %
42°N 8°E,90 %
41°N 8°E,100 %
41°N 8°E,70 %
40°N 8°E,0 %
40°N 8°E,0 %
39°N 8°E,10 %
39°N 8°E,0 %
38°N 8°E,0 %
38°N 8°E,0 %
37°N 8°E,0 %
60°N 9°E,10 %
60°N 9°E,10 %
59°N 9°E,0 %
59°N 9°E,0 %
59°N 9°E,0 %
58°N 9°E,0 %
58°N 9°E,0 %
58°N 9°E,70 %
57°N 9°E,100 %
57°N 9°E,100 %
56°N 9°E,100 %
56°N 9°E,100 %
56°N 9°E,90 %
55°N 9°E,90 %
55°N 9°E,100 %
54°N 9°E,100 %
54°N 9°E,90 %
54°N 9°E,60 %
53°N 9°E,30 %
53°N 9°E,30 %
52°N 9°E,30 %
52°N 9°E,10 %
52°N 9°E,10 %
51°N 9°E,0 %
51°N 9°E,0 %
50°N 9°E,0 %
50°N 9°E,0 %
49°N 9°E,0 %
49°N 9°E,20 %
48°N 9°E,70 %
48°N 9°E,90 %
47°N 9°E,90 %
47°N 9°E,30 %
46°N 9°E,0 %
46°N 9°E,30 %
45°N 9°E,0 %
45°N 9°E,20 %
44°N 9°E,40 %
44°N 9°E,0 %
43°N 9°E,80 %
43°N 9°E,70 %
42°N 9°E,100 %
42°N 9°E,90 %
41°N 9°E,100 %
41°N 9°E,70 %
40°N 9°E,20 %
40°N 9°E,0 %
39°N 9°E,0 %
39°N 9°E,0 %
38°N 9°E,0 %
38°N 9°E,0 %
37°N 9°E,0 %
60°N 9°E,0 %
60°N 9°E,0 %
59°N 9°E,0 %
59°N 9°E,0 %
59°N 9°E,20 %
58°N 9°E,30 %
58°N 9°E,20 %
58°N 9°E,70 %
57°N 9°E,100 %
57°N 9°E,100 %
56°N 9°E,100 %
56°N 9°E,100 %
56°N 9°E,90 %
55°N 9°E,100 %
55°N 9°E,100 %
54°N 9°E,100 %
54°N 9°E,100 %
54°N 9°E,80 %
53°N 9°E,40 %
53°N 9°E,40 %
52°N 9°E,50 %
52°N 9°E,30 %
52°N 9°E,30 %
51°N 9°E,10 %
51°N 9°E,0 %
50°N 9°E,10 %
50°N 9°E,10 %
49°N 9°E,0 %
49°N 9°E,0 %
48°N 9°E,30 %
48°N 9°E,100 %
47°N 9°E,90 %
47°N 9°E,0 %
46°N 9°E,20 %
46°N 9°E,0 %
45°N 9°E,0 %
45°N 9°E,10 %
44°N 9°E,40 %
44°N 9°E,20 %
43°N 9°E,100 %
43°N 9°E,100 %
42°N 9°E,100 %
42°N 9°E,80 %
41°N 9°E,100 %
41°N 9°E,100 %
40°N 9°E,90 %
40°N 9°E,40 %
39°N 9°E,0 %
39°N 9°E,0 %
38°N 9°E,0 %
38°N 9°E,0 %
37°N 9°E,0 %
60°N 10°E,100 %
60°N 10°E,70 %
59°N 10°E,10 %
59°N 10°E,10 %
59°N 10°E,70 %
58°N 10°E,100 %
58°N 10°E,80 %
58°N 10°E,100 %
57°N 10°E,100 %
57°N 10°E,100 %
56°N 10°E,100 %
56°N 10°E,100 %
56°N 10°E,100 %
55°N 10°E,100 %
55°N 10°E,100 %
54°N 10°E,90 %
54°N 10°E,90 %
54°N 10°E,90 %
53°N 10°E,40 %
53°N 10°E,10 %
52°N 10°E,30 %
52°N 10°E,30 %
52°N 10°E,30 %
51°N 10°E,10 %
51°N 10°E,0 %
50°N 10°E,0 %
50°N 10°E,10 %
49°N 10°E,0 %
49°N 10°E,50 %
48°N 10°E,100 %
48°N 10°E,70 %
47°N 10°E,0 %
47°N 10°E,0 %
46°N 10°E,0 %
46°N 10°E,10 %
45°N 10°E,0 %
45°N 10°E,10 %
44°N 10°E,10 %
44°N 10°E,20 %
43°N 10°E,50 %
43°N 10°E,20 %
42°N 10°E,10 %
42°N 10°E,100 %
41°N 10°E,100 %
41°N 10°E,90 %
40°N 10°E,100 %
40°N 10°E,40 %
39°N 10°E,0 %
39°N 10°E,0 %
38°N 10°E,0 %
38°N 10°E,0 %
37°N 10°E,0 %
60°N 11°E,40 %
60°N 11°E,80 %
59°N 11°E,100 %
59°N 11°E,100 %
59°N 11°E,100 %
58°N 11°E,100 %
58°N 11°E,100 %
58°N 11°E,100 %
57°N 11°E,100 %
57°N 11°E,100 %
56°N 11°E,100 %
56°N 11°E,100 %
56°N 11°E,100 %
55°N 11°E,100 %
55°N 11°E,100 %
54°N 11°E,100 %
54°N 11°E,100 %
54°N 11°E,100 %
53°N 11°E,40 %
53°N 11°E,0 %
52°N 11°E,0 %
52°N 11°E,0 %
52°N 11°E,0 %
51°N 11°E,0 %
51°N 11°E,0 %
50°N 11°E,10 %
50°N 11°E,0 %
49°N 11°E,0 %
49°N 11°E,50 %
48°N 11°E,100 %
48°N 11°E,70 %
47°N 11°E,0 %
47°N 11°E,0 %
46°N 11°E,10 %
46°N 11°E,0 %
45°N 11°E,0 %
45°N 11°E,10 %
44°N 11°E,0 %
44°N 11°E,10 %
43°N 11°E,10 %
43°N 11°E,0 %
42°N 11°E,30 %
42°N 11°E,100 %
41°N 11°E,90 %
41°N 11°E,100 %
40°N 11°E,100 %
40°N 11°E,80 %
39°N 11°E,30 %
39°N 11°E,0 %
38°N 11°E,0 %
38°N 11°E,0 %
37°N 11°E,0 %
60°N 12°E,100 %
60°N 12°E,100 %
59°N 12°E,100 %
59°N 12°E,100 %
59°N 12°E,90 %
58°N 12°E,100 %
58°N 12°E,100 %
58°N 12°E,90 %
57°N 12°E,90 %
57°N 12°E,100 %
56°N 12°E,100 %
56°N 12°E,90 %
56°N 12°E,100 %
55°N 12°E,100 %
55°N 12°E,100 %
54°N 12°E,100 %
54°N 12°E,100 %
54°N 12°E,100 %
53°N 12°E,50 %
53°N 12°E,0 %
52°N 12°E,0 %
52°N 12°E,10 %
52°N 12°E,0 %
51°N 12°E,0 %
51°N 12°E,0 %
50°N 12°E,0 %
50°N 12°E,20 %
49°N 12°E,20 %
49°N 12°E,0 %
48°N 12°E,50 %
48°N 12°E,90 %
47°N 12°E,0 %
47°N 12°E,0 %
46°N 12°E,0 %
46°N 12°E,0 %
45°N 12°E,10 %
45°N 12°E,0 %
44°N 12°E,0 %
44°N 12°E,10 %
43°N 12°E,0 %
43°N 12°E,10 %
42°N 12°E,10 %
42°N 12°E,60 %
41°N 12°E,70 %
41°N 12°E,90 %
40°N 12°E,90 %
40°N 12°E,100 %
39°N 12°E,80 %
39°N 12°E,80 %
38°N 12°E,20 %
38°N 12°E,0 %
37°N 12°E,0 %
60°N 12°E,70 %
60°N 12°E,60 %
59°N 12°E,80 %
59°N 12°E,90 %
59°N 12°E,100 %
58°N 12°E,100 %
58°N 12°E,100 %
58°N 12°E,100 %
57°N 12°E,100 %
57°N 12°E,90 %
56°N 12°E,90 %
56°N 12°E,100 %
56°N 12°E,100 %
55°N 12°E,100 %
55°N 12°E,90 %
54°N 12°E,100 %
54°N 12°E,100 %
54°N 12°E,100 %
53°N 12°E,80 %
53°N 12°E,20 %
52°N 12°E,0 %
52°N 12°E,10 %
52°N 12°E,0 %
51°N 12°E,10 %
51°N 12°E,0 %
50°N 12°E,0 %
50°N 12°E,0 %
49°N 12°E,0 %
49°N 12°E,0 %
48°N 12°E,30 %
48°N 12°E,60 %
47°N 12°E,0 %
47°N 12°E,0 %
46°N 12°E,0 %
46°N 12°E,10 %
45°N 12°E,0 %
45°N 12°E,0 %
44°N 12°E,0 %
44°N 12°E,0 %
43°N 12°E,0 %
43°N 12°E,10 %
42°N 12°E,40 %
42°N 12°E,20 %
41°N 12°E,80 %
41°N 12°E,50 %
40°N 12°E,90 %
40°N 12°E,90 %
39°N 12°E,100 %
39°N 12°E,90 %
38°N 12°E,100 %
38°N 12°E,100 %
37°N 12°E,80 %
60°N 13°E,70 %
60°N 13°E,80 %
59°N 13°E,90 %
59°N 13°E,100 %
59°N 13°E,100 %
58°N 13°E,100 %
58°N 13°E,100 %
58°N 13°E,100 %
57°N 13°E,100 %
57°N 13°E,100 %
56°N 13°E,100 %
56°N 13°E,90 %
56°N 13°E,90 %
55°N 13°E,90 %
55°N 13°E,100 %
54°N 13°E,100 %
54°N 13°E,100 %
54°N 13°E,100 %
53°N 13°E,100 %
53°N 13°E,40 %
52°N 13°E,0 %
52°N 13°E,0 %
52°N 13°E,0 %
51°N 13°E,0 %
51°N 13°E,0 %
50°N 13°E,0 %
50°N 13°E,0 %
49°N 13°E,0 %
49°N 13°E,0 %
48°N 13°E,10 %
48°N 13°E,10 %
47°N 13°E,0 %
47°N 13°E,10 %
46°N 13°E,0 %
46°N 13°E,0 %
45°N 13°E,0 %
45°N 13°E,0 %
44°N 13°E,0 %
44°N 13°E,0 %
43°N 13°E,0 %
43°N 13°E,0 %
42°N 13°E,0 %
42°N 13°E,20 %
41°N 13°E,40 %
41°N 13°E,90 %
40°N 13°E,20 %
40°N 13°E,40 %
39°N 13°E,70 %
39°N 13°E,80 %
38°N 13°E,90 %
38°N 13°E,100 %
37°N 13°E,100 %
60°N 14°E,80 %
60°N 14°E,100 %
59°N 14°E,90 %
59°N 14°E,90 %
59°N 14°E,80 %
58°N 14°E,80 %
58°N 14°E,70 %
58°N 14°E,90 %
57°N 14°E,100 %
57°N 14°E,90 %
56°N 14°E,100 %
56°N 14°E,100 %
56°N 14°E,100 %
55°N 14°E,100 %
55°N 14°E,90 %
54°N 14°E,80 %
54°N 14°E,100 %
54°N 14°E,100 %
53°N 14°E,100 %
53°N 14°E,60 %
52°N 14°E,0 %
52°N 14°E,0 %
52°N 14°E,10 %
51°N 14°E,0 %
51°N 14°E,0 %
50°N 14°E,0 %
50°N 14°E,0 %
49°N 14°E,0 %
49°N 14°E,0 %
48°N 14°E,40 %
48°N 14°E,90 %
47°N 14°E,0 %
47°N 14°E,0 %
46°N 14°E,0 %
46°N 14°E,0 %
45°N 14°E,0 %
45°N 14°E,10 %
44°N 14°E,0 %
44°N 14°E,0 %
43°N 14°E,60 %
43°N 14°E,100 %
42°N 14°E,100 %
42°N 14°E,0 %
41°N 14°E,10 %
41°N 14°E,10 %
40°N 14°E,10 %
40°N 14°E,20 %
39°N 14°E,40 %
39°N 14°E,50 %
38°N 14°E,80 %
38°N 14°E,90 %
37°N 14°E,70 %
60°N 14°E,20 %
60°N 14°E,60 %
59°N 14°E,80 %
59°N 14°E,80 %
59°N 14°E,30 %
58°N 14°E,0 %
58°N 14°E,10 %
58°N 14°E,80 %
57°N 14°E,100 %
57°N 14°E,100 %
56°N 14°E,90 %
56°N 14°E,100 %
56°N 14°E,100 %
55°N 14°E,100 %
55°N 14°E,100 %
54°N 14°E,100 %
54°N 14°E,100 %
54°N 14°E,100 %
53°N 14°E,100 %
53°N 14°E,50 %
52°N 14°E,0 %
52°N 14°E,0 %
52°N 14°E,0 %
51°N 14°E,0 %
51°N 14°E,0 %
50°N 14°E,0 %
50°N 14°E,0 %
49°N 14°E,0 %
49°N 14°E,0 %
48°N 14°E,20 %
48°N 14°E,30 %
47°N 14°E,10 %
47°N 14°E,0 %
46°N 14°E,0 %
46°N 14°E,10 %
45°N 14°E,0 %
45°N 14°E,0 %
44°N 14°E,10 %
44°N 14°E,10 %
43°N 14°E,0 %
43°N 14°E,30 %
42°N 14°E,100 %
42°N 14°E,80 %
41°N 14°E,30 %
41°N 14°E,0 %
40°N 14°E,20 %
40°N 14°E,50 %
39°N 14°E,30 %
39°N 14°E,40 %
38°N 14°E,90 %
38°N 14°E,100 %
37°N 14°E,80 %
60°N 15°E,10 %
60°N 15°E,10 %
59°N 15°E,10 %
59°N 15°E,0 %
59°N 15°E,0 %
58°N 15°E,0 %
58°N 15°E,10 %
58°N 15°E,70 %
57°N 15°E,90 %
57°N 15°E,90 %
56°N 15°E,100 %
56°N 15°E,100 %
56°N 15°E,90 %
55°N 15°E,90 %
55°N 15°E,100 %
54°N 15°E,100 %
54°N 15°E,100 %
54°N 15°E,100 %
53°N 15°E,80 %
53°N 15°E,20 %
52°N 15°E,0 %
52°N 15°E,0 %
52°N 15°E,0 %
51°N 15°E,10 %
51°N 15°E,10 %
50°N 15°E,0 %
50°N 15°E,10 %
49°N 15°E,10 %
49°N 15°E,0 %
48°N 15°E,10 %
48°N 15°E,0 %
47°N 15°E,0 %
47°N 15°E,0 %
46°N 15°E,0 %
46°N 15°E,0 %
45°N 15°E,0 %
45°N 15°E,0 %
44°N 15°E,0 %
44°N 15°E,0 %
43°N 15°E,0 %
43°N 15°E,20 %
42°N 15°E,100 %
42°N 15°E,100 %
41°N 15°E,80 %
41°N 15°E,40 %
40°N 15°E,0 %
40°N 15°E,30 %
39°N 15°E,20 %
39°N 15°E,40 %
38°N 15°E,90 %
38°N 15°E,100 %
37°N 15°E,90 %
60°N 16°E,0 %
60°N 16°E,0 %
59°N 16°E,0 %
59°N 16°E,0 %
59°N 16°E,0 %
58°N 16°E,0 %
58°N 16°E,0 %
58°N 16°E,0 %
57°N 16°E,0 %
57°N 16°E,40 %
56°N 16°E,90 %
56°N 16°E,100 %
56°N 16°E,100 %
55°N 16°E,100 %
55°N 16°E,100 %
54°N 16°E,90 %
54°N 16°E,100 %
54°N 16°E,100 %
53°N 16°E,70 %
53°N 16°E,40 %
52°N 16°E,20 %
52°N 16°E,0 %
52°N 16°E,0 %
51°N 16°E,10 %
51°N 16°E,0 %
50°N 16°E,0 %
50°N 16°E,0 %
49°N 16°E,0 %
49°N 16°E,0 %
48°N 16°E,10 %
48°N 16°E,20 %
47°N 16°E,0 %
47°N 16°E,0 %
46°N 16°E,0 %
46°N 16°E,0 %
45°N 16°E,80 %
45°N 16°E,10 %
44°N 16°E,0 %
44°N 16°E,10 %
43°N 16°E,0 %
43°N 16°E,10 %
42°N 16°E,30 %
42°N 16°E,100 %
41°N 16°E,100 %
41°N 16°E,90 %
40°N 16°E,50 %
40°N 16°E,30 %
39°N 16°E,40 %
39°N 16°E,50 %
38°N 16°E,90 %
38°N 16°E,100 %
37°N 16°E,100 %
60°N 16°E,0 %
60°N 16°E,0 %
59°N 16°E,10 %
59°N 16°E,10 %
59°N 16°E,10 %
58°N 16°E,0 %
58°N 16°E,0 %
58°N 16°E,0 %
57°N 16°E,20 %
57°N 16°E,70 %
56°N 16°E,100 %
56°N 16°E,100 %
56°N 16°E,90 %
55°N 16°E,90 %
55°N 16°E,100 %
54°N 16°E,100 %
54°N 16°E,100 %
54°N 16°E,90 %
53°N 16°E,90 %
53°N 16°E,90 %
52°N 16°E,70 %
52°N 16°E,40 %
52°N 16°E,0 %
51°N 16°E,0 %
51°N 16°E,0 %
50°N 16°E,0 %
50°N 16°E,0 %
49°N 16°E,10 %
49°N 16°E,10 %
48°N 16°E,0 %
48°N 16°E,0 %
47°N 16°E,0 %
47°N 16°E,10 %
46°N 16°E,50 %
46°N 16°E,90 %
45°N 16°E,100 %
45°N 16°E,70 %
44°N 16°E,0 %
44°N 16°E,0 %
43°N 16°E,10 %
43°N 16°E,0 %
42°N 16°E,20 %
42°N 16°E,100 %
41°N 16°E,90 %
41°N 16°E,90 %
40°N 16°E,100 %
40°N 16°E,60 %
39°N 16°E,30 %
39°N 16°E,80 %
38°N 16°E,100 %
38°N 16°E,100 %
37°N 16°E,70 %
60°N 17°E,0 %
60°N 17°E,20 %
59°N 17°E,40 %
59°N 17°E,20 %
59°N 17°E,10 %
58°N 17°E,0 %
58°N 17°E,0 %
58°N 17°E,0 %
57°N 17°E,50 %
57°N 17°E,90 %
56°N 17°E,100 %
56°N 17°E,100 %
56°N 17°E,90 %
55°N 17°E,90 %
55°N 17°E,100 %
54°N 17°E,90 %
54°N 17°E,90 %
54°N 17°E,100 %
53°N 17°E,100 %
53°N 17°E,90 %
52°N 17°E,90 %
52°N 17°E,100 %
52°N 17°E,40 %
51°N 17°E,0 %
51°N 17°E,0 %
50°N 17°E,0 %
50°N 17°E,0 %
49°N 17°E,0 %
49°N 17°E,0 %
66°N 57°E,0 %
48°N 17°E,0 %
47°N 17°E,0 %
47°N 17°E,10 %
46°N 17°E,60 %
46°N 17°E,100 %
45°N 17°E,50 %
45°N 17°E,60 %
44°N 17°E,10 %
44°N 17°E,0 %
43°N 17°E,0 %
43°N 17°E,10 %
42°N 17°E,10 %
42°N 17°E,80 %
41°N 17°E,100 %
41°N 17°E,100 %
40°N 17°E,90 %
40°N 17°E,50 %
39°N 17°E,60 %
39°N 17°E,60 %
38°N 17°E,80 %
38°N 17°E,90 %
37°N 17°E,80 %
60°N 18°E,10 %
60°N 18°E,30 %
59°N 18°E,50 %
59°N 18°E,20 %
59°N 18°E,0 %
58°N 18°E,0 %
58°N 18°E,10 %
58°N 18°E,20 %
57°N 18°E,70 %
57°N 18°E,100 %
56°N 18°E,100 %
56°N 18°E,100 %
56°N 18°E,90 %
55°N 18°E,100 %
55°N 18°E,100 %
54°N 18°E,100 %
54°N 18°E,90 %
54°N 18°E,100 %
53°N 18°E,90 %
53°N 18°E,90 %
52°N 18°E,100 %
52°N 18°E,90 %
52°N 18°E,90 %
51°N 18°E,30 %
51°N 18°E,10 %
50°N 18°E,10 %
50°N 18°E,0 %
49°N 18°E,0 %
49°N 18°E,0 %
48°N 18°E,0 %
48°N 18°E,0 %
47°N 18°E,0 %
47°N 18°E,0 %
46°N 18°E,20 %
46°N 18°E,90 %
45°N 18°E,0 %
45°N 18°E,90 %
44°N 18°E,60 %
44°N 18°E,0 %
43°N 18°E,0 %
43°N 18°E,0 %
42°N 18°E,10 %
42°N 18°E,10 %
41°N 18°E,80 %
41°N 18°E,100 %
40°N 18°E,100 %
40°N 18°E,80 %
39°N 18°E,30 %
39°N 18°E,40 %
38°N 18°E,10 %
38°N 18°E,90 %
37°N 18°E,80 %
60°N 19°E,0 %
60°N 19°E,10 %
59°N 19°E,30 %
59°N 19°E,10 %
59°N 19°E,10 %
58°N 19°E,10 %
58°N 19°E,0 %
58°N 19°E,0 %
57°N 19°E,60 %
57°N 19°E,100 %
56°N 19°E,100 %
56°N 19°E,90 %
56°N 19°E,100 %
55°N 19°E,100 %
55°N 19°E,100 %
54°N 19°E,100 %
54°N 19°E,100 %
54°N 19°E,90 %
53°N 19°E,100 %
53°N 19°E,100 %
52°N 19°E,90 %
52°N 19°E,100 %
52°N 19°E,100 %
51°N 19°E,100 %
51°N 19°E,50 %
50°N 19°E,10 %
50°N 19°E,0 %
49°N 19°E,0 %
49°N 19°E,0 %
48°N 19°E,10 %
48°N 19°E,0 %
47°N 19°E,0 %
47°N 19°E,10 %
46°N 19°E,10 %
46°N 19°E,90 %
45°N 19°E,100 %
45°N 19°E,90 %
44°N 19°E,90 %
44°N 19°E,10 %
43°N 19°E,0 %
43°N 19°E,10 %
42°N 19°E,0 %
42°N 19°E,10 %
41°N 19°E,70 %
41°N 19°E,80 %
40°N 19°E,70 %
40°N 19°E,70 %
39°N 19°E,20 %
39°N 19°E,40 %
38°N 19°E,40 %
38°N 19°E,40 %
37°N 19°E,70 %
60°N 19°E,0 %
60°N 19°E,0 %
59°N 19°E,10 %
59°N 19°E,0 %
59°N 19°E,10 %
58°N 19°E,10 %
58°N 19°E,0 %
58°N 19°E,0 %
57°N 19°E,50 %
57°N 19°E,100 %
56°N 19°E,90 %
56°N 19°E,90 %
56°N 19°E,100 %
55°N 19°E,100 %
55°N 19°E,90 %
54°N 19°E,100 %
54°N 19°E,100 %
54°N 19°E,100 %
53°N 19°E,100 %
53°N 19°E,90 %
52°N 19°E,90 %
52°N 19°E,90 %
52°N 19°E,100 %
51°N 19°E,90 %
51°N 19°E,100 %
50°N 19°E,30 %
50°N 19°E,30 %
49°N 19°E,30 %
49°N 19°E,0 %
48°N 19°E,10 %
48°N 19°E,30 %
47°N 19°E,0 %
47°N 19°E,0 %
46°N 19°E,0 %
46°N 19°E,20 %
45°N 19°E,100 %
45°N 19°E,100 %
44°N 19°E,70 %
44°N 19°E,0 %
43°N 19°E,90 %
43°N 19°E,0 %
42°N 19°E,10 %
42°N 19°E,10 %
41°N 19°E,60 %
41°N 19°E,60 %
40°N 19°E,50 %
40°N 19°E,50 %
39°N 19°E,0 %
39°N 19°E,0 %
38°N 19°E,50 %
38°N 19°E,0 %
37°N 19°E,70 %
60°N 20°E,0 %
60°N 20°E,10 %
59°N 20°E,10 %
59°N 20°E,0 %
59°N 20°E,0 %
58°N 20°E,10 %
58°N 20°E,0 %
58°N 20°E,0 %
57°N 20°E,60 %
57°N 20°E,100 %
56°N 20°E,90 %
56°N 20°E,100 %
56°N 20°E,90 %
55°N 20°E,90 %
55°N 20°E,100 %
54°N 20°E,90 %
54°N 20°E,100 %
54°N 20°E,100 %
53°N 20°E,100 %
53°N 20°E,100 %
52°N 20°E,100 %
52°N 20°E,100 %
52°N 20°E,100 %
51°N 20°E,100 %
51°N 20°E,100 %
50°N 20°E,80 %
50°N 20°E,90 %
49°N 20°E,40 %
49°N 20°E,0 %
48°N 20°E,20 %
48°N 20°E,0 %
47°N 20°E,0 %
47°N 20°E,10 %
46°N 20°E,0 %
46°N 20°E,0 %
45°N 20°E,20 %
45°N 20°E,60 %
44°N 20°E,80 %
44°N 20°E,0 %
43°N 20°E,10 %
43°N 20°E,20 %
42°N 20°E,0 %
42°N 20°E,0 %
41°N 20°E,20 %
41°N 20°E,50 %
40°N 20°E,0 %
40°N 20°E,0 %
39°N 20°E,0 %
39°N 20°E,10 %
38°N 20°E,10 %
38°N 20°E,0 %
37°N 20°E,50 %
60°N 21°E,0 %
60°N 21°E,0 %
59°N 21°E,0 %
59°N 21°E,0 %
59°N 21°E,0 %
58°N 21°E,0 %
58°N 21°E,0 %
58°N 21°E,0 %
57°N 21°E,20 %
57°N 21°E,80 %
56°N 21°E,100 %
56°N 21°E,100 %
56°N 21°E,100 %
55°N 21°E,100 %
55°N 21°E,100 %
54°N 21°E,100 %
54°N 21°E,100 %
54°N 21°E,100 %
53°N 21°E,100 %
53°N 21°E,100 %
52°N 21°E,100 %
52°N 21°E,100 %
52°N 21°E,100 %
51°N 21°E,100 %
51°N 21°E,100 %
50°N 21°E,100 %
50°N 21°E,70 %
49°N 21°E,30 %
49°N 21°E,10 %
48°N 21°E,0 %
48°N 21°E,20 %
47°N 21°E,0 %
47°N 21°E,10 %
46°N 21°E,0 %
46°N 21°E,0 %
45°N 21°E,0 %
45°N 21°E,80 %
44°N 21°E,90 %
44°N 21°E,0 %
43°N 21°E,0 %
43°N 21°E,20 %
42°N 21°E,100 %
42°N 21°E,0 %
41°N 21°E,0 %
41°N 21°E,10 %
40°N 21°E,0 %
40°N 21°E,10 %
39°N 21°E,10 %
39°N 21°E,0 %
38°N 21°E,0 %
38°N 21°E,0 %
37°N 21°E,30 %
60°N 21°E,0 %
60°N 21°E,10 %
59°N 21°E,20 %
59°N 21°E,0 %
59°N 21°E,0 %
58°N 21°E,0 %
58°N 21°E,0 %
58°N 21°E,0 %
57°N 21°E,0 %
57°N 21°E,30 %
56°N 21°E,90 %
56°N 21°E,100 %
56°N 21°E,100 %
55°N 21°E,90 %
55°N 21°E,100 %
54°N 21°E,100 %
54°N 21°E,100 %
54°N 21°E,100 %
53°N 21°E,100 %
53°N 21°E,100 %
52°N 21°E,100 %
52°N 21°E,100 %
52°N 21°E,100 %
51°N 21°E,100 %
51°N 21°E,100 %
50°N 21°E,100 %
50°N 21°E,80 %
49°N 21°E,90 %
49°N 21°E,80 %
48°N 21°E,50 %
48°N 21°E,30 %
47°N 21°E,0 %
47°N 21°E,0 %
46°N 21°E,10 %
46°N 21°E,0 %
45°N 21°E,0 %
45°N 21°E,50 %
44°N 21°E,60 %
44°N 21°E,0 %
43°N 21°E,10 %
43°N 21°E,0 %
42°N 21°E,40 %
42°N 21°E,40 %
41°N 21°E,30 %
41°N 21°E,50 %
40°N 21°E,0 %
40°N 21°E,10 %
39°N 21°E,10 %
39°N 21°E,10 %
38°N 21°E,0 %
38°N 21°E,10 %
37°N 21°E,0 %
60°N 22°E,10 %
60°N 22°E,0 %
59°N 22°E,0 %
59°N 22°E,0 %
59°N 22°E,10 %
58°N 22°E,10 %
58°N 22°E,0 %
58°N 22°E,0 %
57°N 22°E,0 %
57°N 22°E,0 %
56°N 22°E,20 %
56°N 22°E,90 %
56°N 22°E,100 %
55°N 22°E,90 %
55°N 22°E,100 %
54°N 22°E,90 %
54°N 22°E,100 %
54°N 22°E,100 %
53°N 22°E,100 %
53°N 22°E,100 %
52°N 22°E,100 %
52°N 22°E,100 %
52°N 22°E,100 %
51°N 22°E,100 %
51°N 22°E,100 %
50°N 22°E,100 %
50°N 22°E,100 %
49°N 22°E,100 %
49°N 22°E,90 %
48°N 22°E,90 %
48°N 22°E,100 %
47°N 22°E,90 %
47°N 22°E,10 %
46°N 22°E,0 %
46°N 22°E,10 %
45°N 22°E,10 %
45°N 22°E,0 %
44°N 22°E,10 %
44°N 22°E,0 %
43°N 22°E,0 %
43°N 22°E,10 %
42°N 22°E,0 %
42°N 22°E,0 %
41°N 22°E,0 %
41°N 22°E,0 %
40°N 22°E,10 %
40°N 22°E,0 %
39°N 22°E,0 %
39°N 22°E,0 %
38°N 22°E,0 %
38°N 22°E,10 %
37°N 22°E,0 %
60°N 23°E,20 %
60°N 23°E,10 %
59°N 23°E,50 %
59°N 23°E,90 %
59°N 23°E,40 %
58°N 23°E,0 %
58°N 23°E,0 %
58°N 23°E,0 %
57°N 23°E,0 %
57°N 23°E,0 %
56°N 23°E,0 %
56°N 23°E,80 %
56°N 23°E,100 %
55°N 23°E,100 %
55°N 23°E,100 %
54°N 23°E,100 %
54°N 23°E,100 %
54°N 23°E,100 %
53°N 23°E,100 %
53°N 23°E,100 %
52°N 23°E,100 %
52°N 23°E,100 %
52°N 23°E,100 %
51°N 23°E,100 %
51°N 23°E,100 %
50°N 23°E,90 %
50°N 23°E,90 %
49°N 23°E,90 %
49°N 23°E,100 %
48°N 23°E,100 %
48°N 23°E,90 %
47°N 23°E,60 %
47°N 23°E,0 %
46°N 23°E,0 %
46°N 23°E,0 %
45°N 23°E,0 %
45°N 23°E,0 %
44°N 23°E,20 %
44°N 23°E,10 %
43°N 23°E,0 %
43°N 23°E,10 %
42°N 23°E,70 %
42°N 23°E,40 %
41°N 23°E,10 %
41°N 23°E,10 %
40°N 23°E,0 %
40°N 23°E,10 %
39°N 23°E,20 %
39°N 23°E,20 %
38°N 23°E,0 %
38°N 23°E,0 %
37°N 23°E,20 %
60°N 23°E,20 %
60°N 23°E,0 %
59°N 23°E,10 %
59°N 23°E,30 %
59°N 23°E,30 %
58°N 23°E,10 %
58°N 23°E,0 %
58°N 23°E,0 %
57°N 23°E,0 %
57°N 23°E,0 %
56°N 23°E,10 %
56°N 23°E,60 %
56°N 23°E,100 %
55°N 23°E,90 %
55°N 23°E,70 %
54°N 23°E,100 %
54°N 23°E,100 %
54°N 23°E,100 %
53°N 23°E,100 %
53°N 23°E,100 %
52°N 23°E,100 %
52°N 23°E,100 %
52°N 23°E,100 %
51°N 23°E,100 %
51°N 23°E,100 %
50°N 23°E,100 %
50°N 23°E,100 %
49°N 23°E,90 %
49°N 23°E,80 %
48°N 23°E,80 %
48°N 23°E,100 %
47°N 23°E,60 %
47°N 23°E,30 %
46°N 23°E,0 %
46°N 23°E,0 %
45°N 23°E,10 %
45°N 23°E,0 %
44°N 23°E,40 %
44°N 23°E,100 %
43°N 23°E,90 %
43°N 23°E,0 %
42°N 23°E,100 %
42°N 23°E,0 %
41°N 23°E,0 %
41°N 23°E,0 %
40°N 23°E,10 %
40°N 23°E,0 %
39°N 23°E,0 %
39°N 23°E,0 %
38°N 23°E,0 %
38°N 23°E,10 %
37°N 23°E,0 %
60°N 24°E,70 %
60°N 24°E,80 %
59°N 24°E,70 %
59°N 24°E,40 %
59°N 24°E,10 %
58°N 24°E,0 %
58°N 24°E,20 %
58°N 24°E,20 %
57°N 24°E,10 %
57°N 24°E,0 %
56°N 24°E,10 %
56°N 24°E,10 %
56°N 24°E,30 %
55°N 24°E,70 %
55°N 24°E,90 %
54°N 24°E,100 %
54°N 24°E,100 %
54°N 24°E,100 %
53°N 24°E,100 %
53°N 24°E,100 %
52°N 24°E,100 %
52°N 24°E,100 %
52°N 24°E,100 %
51°N 24°E,100 %
51°N 24°E,100 %
50°N 24°E,90 %
50°N 24°E,100 %
49°N 24°E,100 %
49°N 24°E,60 %
48°N 24°E,20 %
48°N 24°E,0 %
47°N 24°E,0 %
47°N 24°E,0 %
46°N 24°E,10 %
46°N 24°E,0 %
45°N 24°E,10 %
45°N 24°E,10 %
44°N 24°E,20 %
44°N 24°E,70 %
43°N 24°E,0 %
43°N 24°E,10 %
42°N 24°E,0 %
42°N 24°E,20 %
41°N 24°E,10 %
41°N 24°E,0 %
40°N 24°E,0 %
40°N 24°E,0 %
39°N 24°E,0 %
39°N 24°E,0 %
38°N 24°E,0 %
38°N 24°E,0 %
37°N 24°E,0 %
60°N 25°E,100 %
60°N 25°E,100 %
59°N 25°E,80 %
59°N 25°E,60 %
59°N 25°E,20 %
58°N 25°E,50 %
58°N 25°E,90 %
58°N 25°E,20 %
57°N 25°E,40 %
57°N 25°E,60 %
56°N 25°E,30 %
56°N 25°E,60 %
56°N 25°E,20 %
55°N 25°E,10 %
55°N 25°E,50 %
54°N 25°E,40 %
54°N 25°E,30 %
54°N 25°E,70 %
53°N 25°E,100 %
53°N 25°E,100 %
52°N 25°E,90 %
52°N 25°E,100 %
52°N 25°E,100 %
51°N 25°E,100 %
51°N 25°E,90 %
50°N 25°E,100 %
50°N 25°E,100 %
49°N 25°E,90 %
49°N 25°E,90 %
48°N 25°E,100 %
48°N 25°E,70 %
47°N 25°E,0 %
47°N 25°E,0 %
46°N 25°E,10 %
46°N 25°E,0 %
45°N 25°E,0 %
45°N 25°E,10 %
44°N 25°E,80 %
44°N 25°E,0 %
43°N 25°E,30 %
43°N 25°E,0 %
42°N 25°E,0 %
42°N 25°E,10 %
41°N 25°E,0 %
41°N 25°E,0 %
40°N 25°E,0 %
40°N 25°E,0 %
39°N 25°E,0 %
39°N 25°E,0 %
38°N 25°E,0 %
38°N 25°E,0 %
37°N 25°E,0 %
60°N 26°E,80 %
60°N 26°E,70 %
59°N 26°E,70 %
59°N 26°E,70 %
59°N 26°E,70 %
58°N 26°E,60 %
58°N 26°E,50 %
58°N 26°E,0 %
57°N 26°E,50 %
57°N 26°E,100 %
56°N 26°E,90 %
56°N 26°E,50 %
56°N 26°E,10 %
55°N 26°E,0 %
55°N 26°E,0 %
54°N 26°E,10 %
54°N 26°E,50 %
54°N 26°E,80 %
53°N 26°E,100 %
53°N 26°E,100 %
52°N 26°E,100 %
52°N 26°E,90 %
52°N 26°E,90 %
51°N 26°E,100 %
51°N 26°E,100 %
50°N 26°E,100 %
50°N 26°E,100 %
49°N 26°E,100 %
49°N 26°E,100 %
48°N 26°E,100 %
48°N 26°E,100 %
47°N 26°E,70 %
47°N 26°E,20 %
46°N 26°E,0 %
46°N 26°E,0 %
45°N 26°E,0 %
45°N 26°E,0 %
44°N 26°E,30 %
44°N 26°E,10 %
43°N 26°E,80 %
43°N 26°E,10 %
42°N 26°E,20 %
42°N 26°E,100 %
41°N 26°E,50 %
41°N 26°E,10 %
40°N 26°E,0 %
40°N 26°E,0 %
39°N 26°E,0 %
39°N 26°E,0 %
38°N 26°E,0 %
38°N 26°E,0 %
37°N 26°E,0 %
60°N 26°E,70 %
60°N 26°E,70 %
59°N 26°E,70 %
59°N 26°E,70 %
59°N 26°E,70 %
58°N 26°E,70 %
58°N 26°E,60 %
58°N 26°E,10 %
57°N 26°E,40 %
57°N 26°E,70 %
56°N 26°E,20 %
56°N 26°E,10 %
56°N 26°E,0 %
55°N 26°E,10 %
55°N 26°E,10 %
54°N 26°E,0 %
54°N 26°E,10 %
54°N 26°E,0 %
53°N 26°E,10 %
53°N 26°E,60 %
52°N 26°E,100 %
52°N 26°E,100 %
52°N 26°E,90 %
51°N 26°E,100 %
51°N 26°E,100 %
50°N 26°E,90 %
50°N 26°E,90 %
49°N 26°E,100 %
49°N 26°E,100 %
48°N 26°E,100 %
48°N 26°E,100 %
47°N 26°E,100 %
47°N 26°E,70 %
46°N 26°E,30 %
46°N 26°E,10 %
45°N 26°E,0 %
45°N 26°E,10 %
44°N 26°E,60 %
44°N 26°E,70 %
43°N 26°E,20 %
43°N 26°E,0 %
42°N 26°E,80 %
42°N 26°E,10 %
41°N 26°E,0 %
41°N 26°E,0 %
40°N 26°E,0 %
40°N 26°E,0 %
39°N 26°E,0 %
39°N 26°E,0 %
38°N 26°E,0 %
38°N 26°E,0 %
37°N 26°E,0 %
60°N 27°E,70 %
60°N 27°E,70 %
59°N 27°E,70 %
59°N 27°E,70 %
59°N 27°E,60 %
58°N 27°E,40 %
58°N 27°E,40 %
58°N 27°E,20 %
57°N 27°E,20 %
57°N 27°E,10 %
56°N 27°E,0 %
56°N 27°E,10 %
56°N 27°E,10 %
55°N 27°E,0 %
55°N 27°E,0 %
54°N 27°E,0 %
54°N 27°E,70 %
54°N 27°E,30 %
53°N 27°E,0 %
53°N 27°E,50 %
52°N 27°E,100 %
52°N 27°E,100 %
52°N 27°E,100 %
51°N 27°E,90 %
51°N 27°E,80 %
50°N 27°E,90 %
50°N 27°E,100 %
49°N 27°E,100 %
49°N 27°E,100 %
48°N 27°E,100 %
48°N 27°E,100 %
47°N 27°E,100 %
47°N 27°E,100 %
46°N 27°E,90 %
46°N 27°E,30 %
45°N 27°E,0 %
45°N 27°E,10 %
44°N 27°E,90 %
44°N 27°E,90 %
43°N 27°E,10 %
43°N 27°E,40 %
42°N 27°E,90 %
42°N 27°E,0 %
41°N 27°E,0 %
41°N 27°E,0 %
40°N 27°E,10 %
40°N 27°E,10 %
39°N 27°E,0 %
39°N 27°E,0 %
38°N 27°E,0 %
38°N 27°E,0 %
37°N 27°E,0 %
60°N 28°E,90 %
60°N 28°E,90 %
59°N 28°E,100 %
59°N 28°E,90 %
59°N 28°E,80 %
58°N 28°E,60 %
58°N 28°E,50 %
58°N 28°E,70 %
57°N 28°E,50 %
57°N 28°E,20 %
56°N 28°E,10 %
56°N 28°E,0 %
56°N 28°E,0 %
55°N 28°E,0 %
55°N 28°E,10 %
54°N 28°E,60 %
54°N 28°E,80 %
54°N 28°E,30 %
53°N 28°E,0 %
53°N 28°E,0 %
52°N 28°E,40 %
52°N 28°E,90 %
52°N 28°E,100 %
51°N 28°E,100 %
51°N 28°E,100 %
50°N 28°E,100 %
50°N 28°E,100 %
49°N 28°E,100 %
49°N 28°E,100 %
48°N 28°E,90 %
48°N 28°E,100 %
47°N 28°E,100 %
47°N 28°E,100 %
46°N 28°E,90 %
46°N 28°E,100 %
45°N 28°E,50 %
45°N 28°E,30 %
44°N 28°E,70 %
44°N 28°E,100 %
43°N 28°E,100 %
43°N 28°E,60 %
42°N 28°E,0 %
42°N 28°E,10 %
41°N 28°E,10 %
41°N 28°E,0 %
40°N 28°E,0 %
40°N 28°E,0 %
39°N 28°E,0 %
39°N 28°E,0 %
38°N 28°E,0 %
38°N 28°E,0 %
37°N 28°E,0 %
60°N 28°E,100 %
60°N 28°E,100 %
59°N 28°E,90 %
59°N 28°E,100 %
59°N 28°E,100 %
58°N 28°E,100 %
58°N 28°E,90 %
58°N 28°E,80 %
57°N 28°E,60 %
57°N 28°E,30 %
56°N 28°E,0 %
56°N 28°E,0 %
56°N 28°E,0 %
55°N 28°E,0 %
55°N 28°E,10 %
54°N 28°E,50 %
54°N 28°E,80 %
54°N 28°E,30 %
53°N 28°E,0 %
53°N 28°E,0 %
52°N 28°E,30 %
52°N 28°E,100 %
52°N 28°E,90 %
51°N 28°E,100 %
51°N 28°E,100 %
50°N 28°E,100 %
50°N 28°E,100 %
49°N 28°E,100 %
49°N 28°E,100 %
48°N 28°E,100 %
48°N 28°E,90 %
47°N 28°E,100 %
47°N 28°E,100 %
46°N 28°E,100 %
46°N 28°E,100 %
45°N 28°E,100 %
45°N 28°E,70 %
44°N 28°E,30 %
44°N 28°E,90 %
43°N 28°E,100 %
43°N 28°E,100 %
42°N 28°E,70 %
42°N 28°E,0 %
41°N 28°E,0 %
41°N 28°E,0 %
40°N 28°E,0 %
40°N 28°E,0 %
39°N 28°E,0 %
39°N 28°E,0 %
38°N 28°E,0 %
38°N 28°E,0 %
37°N 28°E,0 %
60°N 29°E,90 %
60°N 29°E,90 %
59°N 29°E,80 %
59°N 29°E,80 %
59°N 29°E,80 %
58°N 29°E,90 %
58°N 29°E,90 %
58°N 29°E,70 %
57°N 29°E,50 %
57°N 29°E,30 %
56°N 29°E,10 %
56°N 29°E,10 %
56°N 29°E,20 %
55°N 29°E,20 %
55°N 29°E,10 %
54°N 29°E,10 %
54°N 29°E,10 %
54°N 29°E,0 %
53°N 29°E,0 %
53°N 29°E,0 %
52°N 29°E,20 %
52°N 29°E,100 %
52°N 29°E,100 %
51°N 29°E,90 %
51°N 29°E,100 %
50°N 29°E,100 %
50°N 29°E,100 %
49°N 29°E,100 %
49°N 29°E,100 %
48°N 29°E,100 %
48°N 29°E,90 %
47°N 29°E,90 %
47°N 29°E,100 %
46°N 29°E,100 %
46°N 29°E,90 %
45°N 29°E,100 %
45°N 29°E,100 %
44°N 29°E,90 %
44°N 29°E,100 %
43°N 29°E,100 %
43°N 29°E,100 %
42°N 29°E,90 %
42°N 29°E,10 %
41°N 29°E,0 %
41°N 29°E,0 %
40°N 29°E,0 %
40°N 29°E,0 %
39°N 29°E,0 %
39°N 29°E,0 %
38°N 29°E,0 %
38°N 29°E,0 %
37°N 29°E,0 %
60°N 30°E,100 %
60°N 30°E,100 %
59°N 30°E,90 %
59°N 30°E,80 %
59°N 30°E,70 %
58°N 30°E,70 %
58°N 30°E,60 %
58°N 30°E,40 %
57°N 30°E,20 %
57°N 30°E,0 %
56°N 30°E,0 %
56°N 30°E,0 %
56°N 30°E,10 %
55°N 30°E,50 %
55°N 30°E,90 %
54°N 30°E,100 %
54°N 30°E,70 %
54°N 30°E,0 %
53°N 30°E,20 %
53°N 30°E,30 %
52°N 30°E,0 %
52°N 30°E,30 %
52°N 30°E,100 %
51°N 30°E,10 %
51°N 30°E,70 %
50°N 30°E,100 %
50°N 30°E,100 %
49°N 30°E,90 %
49°N 30°E,100 %
48°N 30°E,100 %
48°N 30°E,100 %
47°N 30°E,100 %
47°N 30°E,90 %
46°N 30°E,100 %
46°N 30°E,100 %
45°N 30°E,100 %
45°N 30°E,100 %
44°N 30°E,90 %
44°N 30°E,100 %
43°N 30°E,90 %
43°N 30°E,100 %
42°N 30°E,90 %
42°N 30°E,60 %
41°N 30°E,0 %
41°N 30°E,0 %
40°N 30°E,0 %
40°N 30°E,0 %
39°N 30°E,0 %
39°N 30°E,10 %
38°N 30°E,0 %
38°N 30°E,0 %
37°N 30°E,0 %
60°N 30°E,60 %
60°N 30°E,50 %
59°N 30°E,40 %
59°N 30°E,50 %
59°N 30°E,60 %
58°N 30°E,80 %
58°N 30°E,70 %
58°N 30°E,60 %
57°N 30°E,20 %
57°N 30°E,0 %
56°N 30°E,0 %
56°N 30°E,10 %
56°N 30°E,0 %
55°N 30°E,0 %
55°N 30°E,0 %
54°N 30°E,0 %
54°N 30°E,50 %
54°N 30°E,50 %
53°N 30°E,20 %
53°N 30°E,0 %
52°N 30°E,20 %
52°N 30°E,50 %
52°N 30°E,0 %
51°N 30°E,80 %
51°N 30°E,40 %
50°N 30°E,70 %
50°N 30°E,100 %
49°N 30°E,100 %
49°N 30°E,100 %
48°N 30°E,90 %
48°N 30°E,100 %
47°N 30°E,100 %
47°N 30°E,100 %
46°N 30°E,100 %
46°N 30°E,100 %
45°N 30°E,90 %
45°N 30°E,100 %
44°N 30°E,100 %
44°N 30°E,100 %
43°N 30°E,100 %
43°N 30°E,100 %
42°N 30°E,80 %
42°N 30°E,60 %
41°N 30°E,0 %
41°N 30°E,0 %
40°N 30°E,0 %
40°N 30°E,0 %
39°N 30°E,0 %
39°N 30°E,0 %
38°N 30°E,0 %
38°N 30°E,0 %
37°N 30°E,0 %
60°N 31°E,0 %
60°N 31°E,0 %
59°N 31°E,0 %
59°N 31°E,0 %
59°N 31°E,20 %
58°N 31°E,30 %
58°N 31°E,40 %
58°N 31°E,40 %
57°N 31°E,20 %
57°N 31°E,0 %
56°N 31°E,30 %
56°N 31°E,60 %
56°N 31°E,50 %
55°N 31°E,30 %
55°N 31°E,10 %
54°N 31°E,0 %
54°N 31°E,40 %
54°N 31°E,10 %
53°N 31°E,20 %
53°N 31°E,20 %
52°N 31°E,0 %
52°N 31°E,30 %
52°N 31°E,30 %
51°N 31°E,10 %
51°N 31°E,10 %
50°N 31°E,30 %
50°N 31°E,70 %
49°N 31°E,100 %
49°N 31°E,100 %
48°N 31°E,90 %
48°N 31°E,100 %
47°N 31°E,100 %
47°N 31°E,90 %
46°N 31°E,100 %
46°N 31°E,100 %
45°N 31°E,100 %
45°N 31°E,100 %
44°N 31°E,90 %
44°N 31°E,100 %
43°N 31°E,80 %
43°N 31°E,100 %
42°N 31°E,100 %
42°N 31°E,70 %
41°N 31°E,0 %
41°N 31°E,10 %
40°N 31°E,0 %
40°N 31°E,10 %
39°N 31°E,10 %
39°N 31°E,0 %
38°N 31°E,0 %
38°N 31°E,0 %
37°N 31°E,0 %
