60°N 12°W,0 mm
60°N 12°W,0 mm
59°N 12°W,0 mm
59°N 12°W,0 mm
59°N 12°W,0 mm
58°N 12°W,0.2 mm
58°N 12°W,0.4 mm
58°N 12°W,0.4 mm
57°N 12°W,0.5 mm
57°N 12°W,0.8 mm
56°N 12°W,1.2 mm
56°N 12°W,1.9 mm
56°N 12°W,2 mm
55°N 12°W,1.9 mm
55°N 12°W,1.8 mm
54°N 12°W,1.6 mm
54°N 12°W,1 mm
54°N 12°W,0.8 mm
53°N 12°W,0.8 mm
53°N 12°W,1.4 mm
52°N 12°W,2 mm
52°N 12°W,2 mm
52°N 12°W,2.2 mm
51°N 12°W,2.3 mm
51°N 12°W,0.5 mm
50°N 12°W,2 mm
50°N 12°W,2.7 mm
49°N 12°W,1.4 mm
49°N 12°W,0.8 mm
48°N 12°W,0.9 mm
48°N 12°W,1 mm
47°N 12°W,0.9 mm
47°N 12°W,0.9 mm
46°N 12°W,0.2 mm
46°N 12°W,0.3 mm
45°N 12°W,0.5 mm
45°N 12°W,0.4 mm
44°N 12°W,0.3 mm
44°N 12°W,0 mm
43°N 12°W,0 mm
43°N 12°W,0 mm
42°N 12°W,0 mm
42°N 12°W,0 mm
41°N 12°W,0 mm
41°N 12°W,0 mm
40°N 12°W,0 mm
40°N 12°W,0 mm
39°N 12°W,0 mm
39°N 12°W,0 mm
38°N 12°W,0 mm
38°N 12°W,0 mm
37°N 12°W,0 mm
60°N 12°W,0 mm
60°N 12°W,0 mm
59°N 12°W,0 mm
59°N 12°W,0 mm
59°N 12°W,0.2 mm
58°N 12°W,1.4 mm
58°N 12°W,2.6 mm
58°N 12°W,1.6 mm
57°N 12°W,1 mm
57°N 12°W,1 mm
56°N 12°W,0.6 mm
56°N 12°W,0.5 mm
56°N 12°W,0.3 mm
55°N 12°W,0.2 mm
55°N 12°W,0.3 mm
54°N 12°W,0.5 mm
54°N 12°W,0.3 mm
54°N 12°W,0.5 mm
53°N 12°W,0.7 mm
53°N 12°W,0.8 mm
52°N 12°W,0.9 mm
52°N 12°W,1 mm
52°N 12°W,1.5 mm
51°N 12°W,2.3 mm
51°N 12°W,1.2 mm
50°N 12°W,0.7 mm
50°N 12°W,0.5 mm
49°N 12°W,0.5 mm
49°N 12°W,0.9 mm
48°N 12°W,0.9 mm
48°N 12°W,0.6 mm
47°N 12°W,1.1 mm
47°N 12°W,1 mm
46°N 12°W,0.6 mm
46°N 12°W,0.4 mm
45°N 12°W,0.1 mm
45°N 12°W,0 mm
44°N 12°W,0 mm
44°N 12°W,0 mm
43°N 12°W,0 mm
43°N 12°W,0 mm
42°N 12°W,0 mm
42°N 12°W,0 mm
41°N 12°W,0 mm
41°N 12°W,0 mm
40°N 12°W,0 mm
40°N 12°W,0 mm
39°N 12°W,0 mm
39°N 12°W,0 mm
38°N 12°W,0 mm
38°N 12°W,0 mm
37°N 12°W,0.1 mm
60°N 11°W,0 mm
60°N 11°W,0 mm
59°N 11°W,0.3 mm
59°N 11°W,0.5 mm
59°N 11°W,1.6 mm
58°N 11°W,1.9 mm
58°N 11°W,0.8 mm
58°N 11°W,0.2 mm
57°N 11°W,0 mm
57°N 11°W,0.1 mm
56°N 11°W,0 mm
56°N 11°W,0 mm
56°N 11°W,0 mm
55°N 11°W,0.1 mm
55°N 11°W,0.3 mm
54°N 11°W,0.4 mm
54°N 11°W,0.3 mm
54°N 11°W,0.1 mm
53°N 11°W,0 mm
53°N 11°W,0 mm
52°N 11°W,0.1 mm
52°N 11°W,0.1 mm
52°N 11°W,0.1 mm
51°N 11°W,0.2 mm
51°N 11°W,0.3 mm
50°N 11°W,0.8 mm
50°N 11°W,1.1 mm
49°N 11°W,1 mm
49°N 11°W,0.9 mm
48°N 11°W,1.4 mm
48°N 11°W,1.9 mm
47°N 11°W,0.6 mm
47°N 11°W,0.3 mm
46°N 11°W,0 mm
46°N 11°W,0 mm
45°N 11°W,0 mm
45°N 11°W,0 mm
44°N 11°W,0 mm
44°N 11°W,0 mm
43°N 11°W,0 mm
43°N 11°W,0 mm
42°N 11°W,0 mm
42°N 11°W,0 mm
41°N 11°W,0 mm
41°N 11°W,0 mm
40°N 11°W,0 mm
40°N 11°W,0 mm
39°N 11°W,0 mm
39°N 11°W,0 mm
38°N 11°W,0 mm
38°N 11°W,0.2 mm
37°N 11°W,0.1 mm
60°N 10°W,0.2 mm
60°N 10°W,0.5 mm
59°N 10°W,0.8 mm
59°N 10°W,1.2 mm
59°N 10°W,0.8 mm
58°N 10°W,0.1 mm
58°N 10°W,0 mm
58°N 10°W,0 mm
57°N 10°W,0 mm
57°N 10°W,0 mm
56°N 10°W,0 mm
56°N 10°W,0 mm
56°N 10°W,0 mm
55°N 10°W,0.1 mm
55°N 10°W,0.1 mm
54°N 10°W,0 mm
54°N 10°W,0 mm
54°N 10°W,0.1 mm
53°N 10°W,0 mm
53°N 10°W,0 mm
52°N 10°W,0 mm
52°N 10°W,0 mm
52°N 10°W,0 mm
51°N 10°W,0 mm
51°N 10°W,0 mm
50°N 10°W,0.4 mm
50°N 10°W,0.2 mm
49°N 10°W,0.1 mm
49°N 10°W,0.3 mm
48°N 10°W,0 mm
48°N 10°W,0 mm
47°N 10°W,0 mm
47°N 10°W,0 mm
46°N 10°W,0 mm
46°N 10°W,0 mm
45°N 10°W,0 mm
45°N 10°W,0 mm
44°N 10°W,0 mm
44°N 10°W,0.2 mm
43°N 10°W,0 mm
43°N 10°W,0 mm
42°N 10°W,0 mm
42°N 10°W,0 mm
41°N 10°W,0 mm
41°N 10°W,0 mm
40°N 10°W,0 mm
40°N 10°W,0 mm
39°N 10°W,0 mm
39°N 10°W,0 mm
38°N 10°W,0.1 mm
38°N 10°W,0.2 mm
37°N 10°W,0.1 mm
60°N 10°W,0.6 mm
60°N 10°W,1.2 mm
59°N 10°W,1 mm
59°N 10°W,0.4 mm
59°N 10°W,0 mm
58°N 10°W,0 mm
58°N 10°W,0 mm
58°N 10°W,0 mm
57°N 10°W,0 mm
57°N 10°W,0 mm
56°N 10°W,0 mm
56°N 10°W,0 mm
56°N 10°W,0 mm
55°N 10°W,0 mm
55°N 10°W,0 mm
54°N 10°W,0 mm
54°N 10°W,0 mm
54°N 10°W,0 mm
53°N 10°W,0 mm
53°N 10°W,0 mm
52°N 10°W,0 mm
52°N 10°W,0 mm
52°N 10°W,0 mm
51°N 10°W,0 mm
51°N 10°W,0 mm
50°N 10°W,0 mm
50°N 10°W,0 mm
49°N 10°W,0 mm
49°N 10°W,0 mm
48°N 10°W,0 mm
48°N 10°W,0 mm
47°N 10°W,0 mm
47°N 10°W,0 mm
46°N 10°W,0 mm
46°N 10°W,0 mm
45°N 10°W,0 mm
45°N 10°W,0 mm
44°N 10°W,0.1 mm
44°N 10°W,0.1 mm
43°N 10°W,0 mm
43°N 10°W,0 mm
42°N 10°W,0 mm
42°N 10°W,0 mm
41°N 10°W,0 mm
41°N 10°W,0 mm
40°N 10°W,0 mm
40°N 10°W,0 mm
39°N 10°W,0 mm
39°N 10°W,0.1 mm
38°N 10°W,0.1 mm
38°N 10°W,0 mm
37°N 10°W,0 mm
60°N 9°W,1.1 mm
60°N 9°W,0.5 mm
59°N 9°W,0 mm
59°N 9°W,0 mm
59°N 9°W,0 mm
58°N 9°W,0 mm
58°N 9°W,0 mm
58°N 9°W,0 mm
57°N 9°W,0 mm
57°N 9°W,0 mm
56°N 9°W,0 mm
56°N 9°W,0 mm
56°N 9°W,0 mm
55°N 9°W,0 mm
55°N 9°W,0 mm
54°N 9°W,0 mm
54°N 9°W,0 mm
54°N 9°W,0 mm
53°N 9°W,0 mm
53°N 9°W,0 mm
52°N 9°W,0 mm
52°N 9°W,0 mm
52°N 9°W,0.2 mm
51°N 9°W,0.1 mm
51°N 9°W,0 mm
50°N 9°W,0 mm
50°N 9°W,0 mm
49°N 9°W,0 mm
49°N 9°W,0 mm
48°N 9°W,0 mm
48°N 9°W,0 mm
47°N 9°W,0 mm
47°N 9°W,0 mm
46°N 9°W,0 mm
46°N 9°W,0.1 mm
45°N 9°W,0 mm
45°N 9°W,0 mm
44°N 9°W,0.2 mm
44°N 9°W,0 mm
43°N 9°W,0 mm
43°N 9°W,0 mm
42°N 9°W,0 mm
42°N 9°W,0 mm
41°N 9°W,0 mm
66°N 29°W,0 mm
40°N 9°W,0 mm
40°N 9°W,0 mm
39°N 9°W,0 mm
39°N 9°W,0 mm
38°N 9°W,0 mm
38°N 9°W,0 mm
37°N 9°W,0 mm
60°N 8°W,0.2 mm
60°N 8°W,0 mm
59°N 8°W,0 mm
59°N 8°W,0 mm
59°N 8°W,0 mm
58°N 8°W,0 mm
58°N 8°W,0 mm
58°N 8°W,0 mm
57°N 8°W,0 mm
57°N 8°W,0 mm
56°N 8°W,0 mm
56°N 8°W,0 mm
56°N 8°W,0 mm
55°N 8°W,0 mm
55°N 8°W,0 mm
54°N 8°W,0 mm
54°N 8°W,0 mm
54°N 8°W,0 mm
53°N 8°W,0 mm
53°N 8°W,0 mm
52°N 8°W,0 mm
52°N 8°W,0 mm
52°N 8°W,0.1 mm
51°N 8°W,0.2 mm
51°N 8°W,0.2 mm
50°N 8°W,0.2 mm
50°N 8°W,0.1 mm
49°N 8°W,0 mm
49°N 8°W,0 mm
48°N 8°W,0 mm
48°N 8°W,0.2 mm
47°N 8°W,0.1 mm
47°N 8°W,0 mm
46°N 8°W,0 mm
46°N 8°W,0.3 mm
45°N 8°W,0 mm
45°N 8°W,0 mm
44°N 8°W,0.1 mm
44°N 8°W,0 mm
43°N 8°W,0 mm
43°N 8°W,0 mm
42°N 8°W,0 mm
42°N 8°W,0 mm
41°N 8°W,0 mm
41°N 8°W,0 mm
40°N 8°W,0 mm
40°N 8°W,0 mm
39°N 8°W,0 mm
39°N 8°W,0 mm
38°N 8°W,0 mm
38°N 8°W,0 mm
37°N 8°W,0 mm
60°N 7°W,0 mm
60°N 7°W,0 mm
59°N 7°W,0 mm
59°N 7°W,0 mm
59°N 7°W,0 mm
58°N 7°W,0 mm
58°N 7°W,0 mm
58°N 7°W,0 mm
57°N 7°W,0 mm
57°N 7°W,0 mm
56°N 7°W,0 mm
56°N 7°W,0 mm
56°N 7°W,0 mm
55°N 7°W,0 mm
55°N 7°W,0 mm
54°N 7°W,0 mm
54°N 7°W,0 mm
54°N 7°W,0 mm
53°N 7°W,0 mm
53°N 7°W,0 mm
52°N 7°W,0.1 mm
52°N 7°W,0.5 mm
52°N 7°W,0.2 mm
51°N 7°W,0 mm
51°N 7°W,0 mm
50°N 7°W,0 mm
50°N 7°W,0 mm
49°N 7°W,0 mm
49°N 7°W,0.4 mm
48°N 7°W,0.6 mm
48°N 7°W,0.3 mm
47°N 7°W,0.6 mm
47°N 7°W,0.5 mm
46°N 7°W,0 mm
46°N 7°W,0 mm
45°N 7°W,0 mm
45°N 7°W,0 mm
44°N 7°W,0 mm
44°N 7°W,0 mm
43°N 7°W,0 mm
43°N 7°W,0 mm
42°N 7°W,0 mm
42°N 7°W,0 mm
41°N 7°W,0 mm
41°N 7°W,0 mm
40°N 7°W,0 mm
40°N 7°W,0 mm
39°N 7°W,0 mm
39°N 7°W,0 mm
38°N 7°W,0 mm
38°N 7°W,0 mm
37°N 7°W,0 mm
60°N 7°W,0 mm
60°N 7°W,0 mm
59°N 7°W,0 mm
59°N 7°W,0 mm
59°N 7°W,0 mm
58°N 7°W,0 mm
58°N 7°W,0 mm
58°N 7°W,0.1 mm
57°N 7°W,0.1 mm
57°N 7°W,0 mm
56°N 7°W,0 mm
56°N 7°W,0 mm
56°N 7°W,0 mm
55°N 7°W,0 mm
55°N 7°W,0 mm
54°N 7°W,0 mm
54°N 7°W,0 mm
54°N 7°W,0 mm
53°N 7°W,0 mm
53°N 7°W,0 mm
52°N 7°W,0.2 mm
52°N 7°W,0.3 mm
52°N 7°W,0.1 mm
51°N 7°W,0.2 mm
51°N 7°W,0.1 mm
50°N 7°W,0 mm
50°N 7°W,0 mm
49°N 7°W,0 mm
49°N 7°W,0 mm
48°N 7°W,0.4 mm
48°N 7°W,0.5 mm
47°N 7°W,0.2 mm
47°N 7°W,0 mm
46°N 7°W,0 mm
46°N 7°W,0 mm
45°N 7°W,0 mm
45°N 7°W,0 mm
44°N 7°W,0 mm
44°N 7°W,0 mm
43°N 7°W,0 mm
43°N 7°W,0 mm
42°N 7°W,0 mm
42°N 7°W,0 mm
41°N 7°W,0 mm
41°N 7°W,0 mm
40°N 7°W,0 mm
40°N 7°W,0 mm
39°N 7°W,0 mm
39°N 7°W,0 mm
38°N 7°W,0 mm
38°N 7°W,0 mm
37°N 7°W,0 mm
60°N 6°W,0 mm
60°N 6°W,0 mm
59°N 6°W,0 mm
59°N 6°W,0 mm
59°N 6°W,0 mm
58°N 6°W,0 mm
58°N 6°W,0 mm
58°N 6°W,0 mm
57°N 6°W,0 mm
57°N 6°W,0 mm
56°N 6°W,0 mm
56°N 6°W,0 mm
56°N 6°W,0 mm
55°N 6°W,0 mm
55°N 6°W,0 mm
54°N 6°W,0 mm
54°N 6°W,0 mm
54°N 6°W,0 mm
53°N 6°W,0 mm
53°N 6°W,0 mm
52°N 6°W,0.2 mm
52°N 6°W,0.2 mm
52°N 6°W,0 mm
51°N 6°W,0.6 mm
51°N 6°W,0.4 mm
50°N 6°W,0.4 mm
50°N 6°W,0.1 mm
49°N 6°W,0.4 mm
49°N 6°W,0.6 mm
48°N 6°W,0 mm
48°N 6°W,0 mm
47°N 6°W,0 mm
47°N 6°W,0 mm
46°N 6°W,0.1 mm
46°N 6°W,0 mm
45°N 6°W,0 mm
45°N 6°W,0 mm
44°N 6°W,0 mm
44°N 6°W,0 mm
43°N 6°W,0 mm
43°N 6°W,0 mm
42°N 6°W,0 mm
42°N 6°W,0 mm
41°N 6°W,0 mm
41°N 6°W,0 mm
40°N 6°W,0 mm
40°N 6°W,0 mm
39°N 6°W,0 mm
39°N 6°W,0 mm
38°N 6°W,0 mm
38°N 6°W,0 mm
37°N 6°W,0 mm
60°N 5°W,0 mm
60°N 5°W,0 mm
59°N 5°W,0 mm
59°N 5°W,0 mm
59°N 5°W,0 mm
58°N 5°W,0 mm
58°N 5°W,0 mm
58°N 5°W,0 mm
57°N 5°W,0 mm
57°N 5°W,0 mm
56°N 5°W,0 mm
56°N 5°W,0 mm
56°N 5°W,0 mm
55°N 5°W,0 mm
55°N 5°W,0.1 mm
54°N 5°W,0 mm
54°N 5°W,0 mm
54°N 5°W,0.1 mm
53°N 5°W,0 mm
53°N 5°W,0 mm
52°N 5°W,0 mm
52°N 5°W,0.1 mm
52°N 5°W,0.2 mm
51°N 5°W,0.3 mm
51°N 5°W,0 mm
50°N 5°W,0.8 mm
50°N 5°W,1.2 mm
49°N 5°W,0.6 mm
49°N 5°W,0 mm
48°N 5°W,0 mm
48°N 5°W,0 mm
47°N 5°W,0 mm
47°N 5°W,0 mm
46°N 5°W,0.1 mm
46°N 5°W,0 mm
45°N 5°W,0 mm
45°N 5°W,0 mm
44°N 5°W,0 mm
44°N 5°W,0 mm
43°N 5°W,0 mm
43°N 5°W,0 mm
42°N 5°W,0 mm
42°N 5°W,0 mm
41°N 5°W,0 mm
41°N 5°W,0 mm
40°N 5°W,0 mm
40°N 5°W,0 mm
39°N 5°W,0 mm
39°N 5°W,0 mm
38°N 5°W,0 mm
38°N 5°W,0 mm
37°N 5°W,0 mm
60°N 5°W,0 mm
60°N 5°W,0 mm
59°N 5°W,0 mm
59°N 5°W,0 mm
59°N 5°W,0 mm
58°N 5°W,0 mm
58°N 5°W,0 mm
58°N 5°W,0 mm
57°N 5°W,0 mm
57°N 5°W,0 mm
56°N 5°W,0 mm
56°N 5°W,0 mm
56°N 5°W,0 mm
55°N 5°W,0.1 mm
55°N 5°W,0.2 mm
54°N 5°W,0 mm
54°N 5°W,0 mm
54°N 5°W,0 mm
53°N 5°W,0 mm
53°N 5°W,0 mm
52°N 5°W,0 mm
52°N 5°W,0.1 mm
52°N 5°W,0.6 mm
51°N 5°W,0.2 mm
51°N 5°W,0.1 mm
50°N 5°W,0.4 mm
50°N 5°W,0.2 mm
49°N 5°W,0 mm
49°N 5°W,0 mm
48°N 5°W,0 mm
48°N 5°W,0 mm
47°N 5°W,0 mm
47°N 5°W,0 mm
46°N 5°W,0 mm
46°N 5°W,0 mm
45°N 5°W,0 mm
45°N 5°W,0 mm
44°N 5°W,0 mm
44°N 5°W,0 mm
43°N 5°W,0 mm
43°N 5°W,0 mm
42°N 5°W,0 mm
42°N 5°W,0 mm
41°N 5°W,0 mm
41°N 5°W,0 mm
40°N 5°W,0 mm
40°N 5°W,0 mm
39°N 5°W,0 mm
39°N 5°W,0 mm
38°N 5°W,0 mm
38°N 5°W,0 mm
37°N 5°W,0 mm
60°N 4°W,0 mm
60°N 4°W,0 mm
59°N 4°W,0 mm
59°N 4°W,0 mm
59°N 4°W,0 mm
58°N 4°W,0 mm
58°N 4°W,0 mm
58°N 4°W,0 mm
57°N 4°W,0 mm
57°N 4°W,0 mm
56°N 4°W,0 mm
56°N 4°W,0 mm
56°N 4°W,0 mm
55°N 4°W,0 mm
55°N 4°W,0 mm
54°N 4°W,0.2 mm
54°N 4°W,0 mm
54°N 4°W,0 mm
53°N 4°W,0 mm
53°N 4°W,0 mm
52°N 4°W,0 mm
52°N 4°W,0 mm
52°N 4°W,0.2 mm
51°N 4°W,0 mm
51°N 4°W,0 mm
50°N 4°W,0 mm
50°N 4°W,0 mm
49°N 4°W,0 mm
49°N 4°W,0 mm
48°N 4°W,0 mm
48°N 4°W,0 mm
47°N 4°W,0 mm
47°N 4°W,0 mm
46°N 4°W,0 mm
46°N 4°W,0 mm
45°N 4°W,0 mm
45°N 4°W,0 mm
44°N 4°W,0 mm
44°N 4°W,0 mm
43°N 4°W,0 mm
43°N 4°W,0 mm
42°N 4°W,0 mm
42°N 4°W,0 mm
41°N 4°W,0 mm
41°N 4°W,0 mm
40°N 4°W,0 mm
40°N 4°W,0 mm
39°N 4°W,0 mm
39°N 4°W,0 mm
38°N 4°W,0 mm
38°N 4°W,0 mm
37°N 4°W,0 mm
60°N 3°W,0 mm
60°N 3°W,0 mm
59°N 3°W,0 mm
59°N 3°W,0 mm
59°N 3°W,0 mm
58°N 3°W,0 mm
58°N 3°W,0 mm
58°N 3°W,0 mm
57°N 3°W,0 mm
57°N 3°W,0 mm
56°N 3°W,0 mm
56°N 3°W,0 mm
56°N 3°W,0 mm
55°N 3°W,0 mm
55°N 3°W,0 mm
54°N 3°W,0 mm
54°N 3°W,0.1 mm
54°N 3°W,0.3 mm
53°N 3°W,0.1 mm
53°N 3°W,0 mm
52°N 3°W,0 mm
52°N 3°W,0 mm
52°N 3°W,0 mm
51°N 3°W,0 mm
51°N 3°W,0 mm
50°N 3°W,0 mm
50°N 3°W,0 mm
49°N 3°W,0 mm
49°N 3°W,0 mm
48°N 3°W,0 mm
48°N 3°W,0 mm
47°N 3°W,0 mm
47°N 3°W,0 mm
46°N 3°W,0 mm
46°N 3°W,0 mm
45°N 3°W,0 mm
45°N 3°W,0 mm
44°N 3°W,0 mm
44°N 3°W,0 mm
43°N 3°W,0 mm
43°N 3°W,0 mm
42°N 3°W,0 mm
42°N 3°W,0 mm
41°N 3°W,0 mm
41°N 3°W,0 mm
40°N 3°W,0 mm
40°N 3°W,0 mm
39°N 3°W,0 mm
39°N 3°W,0 mm
38°N 3°W,0 mm
38°N 3°W,0 mm
37°N 3°W,0.2 mm
60°N 3°W,0 mm
60°N 3°W,0 mm
59°N 3°W,0 mm
59°N 3°W,0 mm
59°N 3°W,0 mm
58°N 3°W,0 mm
58°N 3°W,0 mm
58°N 3°W,0 mm
57°N 3°W,0 mm
57°N 3°W,0 mm
56°N 3°W,0 mm
56°N 3°W,0 mm
56°N 3°W,0 mm
55°N 3°W,0 mm
55°N 3°W,0 mm
54°N 3°W,0 mm
54°N 3°W,0.2 mm
54°N 3°W,0.1 mm
53°N 3°W,0 mm
53°N 3°W,0 mm
52°N 3°W,0 mm
52°N 3°W,0 mm
52°N 3°W,0 mm
51°N 3°W,0 mm
51°N 3°W,0 mm
50°N 3°W,0 mm
50°N 3°W,0 mm
49°N 3°W,0 mm
49°N 3°W,0 mm
48°N 3°W,0 mm
48°N 3°W,0 mm
47°N 3°W,0 mm
47°N 3°W,0 mm
46°N 3°W,0 mm
46°N 3°W,0 mm
45°N 3°W,0 mm
45°N 3°W,0 mm
44°N 3°W,0 mm
44°N 3°W,0 mm
43°N 3°W,0 mm
43°N 3°W,0 mm
42°N 3°W,0 mm
42°N 3°W,0 mm
41°N 3°W,0 mm
41°N 3°W,0 mm
40°N 3°W,0 mm
40°N 3°W,0 mm
39°N 3°W,0 mm
39°N 3°W,0 mm
38°N 3°W,0.1 mm
38°N 3°W,0 mm
37°N 3°W,0 mm
60°N 2°W,0 mm
60°N 2°W,0 mm
59°N 2°W,0 mm
59°N 2°W,0 mm
59°N 2°W,0 mm
58°N 2°W,0 mm
58°N 2°W,0 mm
58°N 2°W,0 mm
57°N 2°W,0 mm
57°N 2°W,0 mm
56°N 2°W,0 mm
56°N 2°W,0 mm
56°N 2°W,0 mm
55°N 2°W,0 mm
55°N 2°W,0 mm
54°N 2°W,0 mm
54°N 2°W,0.1 mm
54°N 2°W,0 mm
53°N 2°W,0 mm
53°N 2°W,0 mm
52°N 2°W,0 mm
52°N 2°W,0 mm
52°N 2°W,0 mm
51°N 2°W,0 mm
51°N 2°W,0 mm
50°N 2°W,0 mm
50°N 2°W,0 mm
49°N 2°W,0 mm
49°N 2°W,0 mm
48°N 2°W,0 mm
48°N 2°W,0 mm
47°N 2°W,0 mm
47°N 2°W,0 mm
46°N 2°W,0 mm
46°N 2°W,0 mm
45°N 2°W,0 mm
45°N 2°W,0 mm
44°N 2°W,0 mm
44°N 2°W,0 mm
43°N 2°W,0 mm
43°N 2°W,0 mm
42°N 2°W,0 mm
42°N 2°W,0 mm
41°N 2°W,0 mm
41°N 2°W,0 mm
40°N 2°W,0 mm
40°N 2°W,0 mm
39°N 2°W,0 mm
39°N 2°W,0 mm
38°N 2°W,0.2 mm
38°N 2°W,0.4 mm
37°N 2°W,0 mm
60°N 1°W,0 mm
60°N 1°W,0 mm
59°N 1°W,0 mm
59°N 1°W,0 mm
59°N 1°W,0 mm
58°N 1°W,0 mm
58°N 1°W,0 mm
58°N 1°W,0 mm
57°N 1°W,0.1 mm
57°N 1°W,0.1 mm
56°N 1°W,0.1 mm
56°N 1°W,0.1 mm
56°N 1°W,0.1 mm
55°N 1°W,0.3 mm
55°N 1°W,0.3 mm
54°N 1°W,0 mm
54°N 1°W,0 mm
54°N 1°W,0 mm
53°N 1°W,0 mm
53°N 1°W,0 mm
52°N 1°W,0 mm
52°N 1°W,0 mm
52°N 1°W,0 mm
51°N 1°W,0 mm
51°N 1°W,0 mm
50°N 1°W,0 mm
50°N 1°W,0 mm
49°N 1°W,0 mm
49°N 1°W,0 mm
48°N 1°W,0 mm
48°N 1°W,0 mm
47°N 1°W,0 mm
47°N 1°W,0 mm
46°N 1°W,0 mm
46°N 1°W,0 mm
45°N 1°W,0 mm
45°N 1°W,0 mm
44°N 1°W,0 mm
44°N 1°W,0 mm
43°N 1°W,0 mm
43°N 1°W,0 mm
42°N 1°W,0 mm
42°N 1°W,0 mm
41°N 1°W,0 mm
41°N 1°W,0 mm
40°N 1°W,0 mm
40°N 1°W,0 mm
39°N 1°W,0.2 mm
39°N 1°W,0.3 mm
38°N 1°W,0 mm
38°N 1°W,0 mm
37°N 1°W,0.1 mm
60°N 0°W,0 mm
60°N 0°W,0 mm
59°N 0°W,0 mm
59°N 0°W,0 mm
59°N 0°W,0 mm
58°N 0°W,0 mm
58°N 0°W,0 mm
58°N 0°W,0 mm
57°N 0°W,0.1 mm
57°N 0°W,0.1 mm
56°N 0°W,0.1 mm
56°N 0°W,0.1 mm
56°N 0°W,0.2 mm
55°N 0°W,0.1 mm
55°N 0°W,0.1 mm
54°N 0°W,0.2 mm
54°N 0°W,0 mm
54°N 0°W,0 mm
53°N 0°W,0 mm
53°N 0°W,0 mm
52°N 0°W,0 mm
52°N 0°W,0 mm
52°N 0°W,0 mm
51°N 0°W,0 mm
51°N 0°W,0 mm
50°N 0°W,0 mm
50°N 0°W,0 mm
49°N 0°W,0 mm
49°N 0°W,0 mm
48°N 0°W,0 mm
48°N 0°W,0 mm
47°N 0°W,0 mm
47°N 0°W,0 mm
46°N 0°W,0 mm
46°N 0°W,0 mm
45°N 0°W,0 mm
45°N 0°W,0 mm
44°N 0°W,0 mm
44°N 0°W,0 mm
43°N 0°W,0 mm
43°N 0°W,0 mm
42°N 0°W,0 mm
42°N 0°W,0 mm
41°N 0°W,0 mm
41°N 0°W,0.4 mm
40°N 0°W,0.4 mm
40°N 0°W,0 mm
39°N 0°W,0.1 mm
39°N 0°W,1.7 mm
38°N 0°W,0.6 mm
38°N 0°W,0.9 mm
37°N 0°W,2 mm
60°N 0°E,0 mm
60°N 0°E,0 mm
59°N 0°E,0 mm
59°N 0°E,0 mm
59°N 0°E,0 mm
58°N 0°E,0 mm
58°N 0°E,0 mm
58°N 0°E,0 mm
57°N 0°E,0.1 mm
57°N 0°E,0.1 mm
56°N 0°E,0.1 mm
56°N 0°E,0.1 mm
56°N 0°E,0.2 mm
55°N 0°E,0.1 mm
55°N 0°E,0.1 mm
54°N 0°E,0.2 mm
54°N 0°E,0 mm
54°N 0°E,0 mm
53°N 0°E,0 mm
53°N 0°E,0 mm
52°N 0°E,0 mm
52°N 0°E,0 mm
52°N 0°E,0 mm
51°N 0°E,0 mm
51°N 0°E,0 mm
50°N 0°E,0 mm
50°N 0°E,0 mm
49°N 0°E,0 mm
49°N 0°E,0 mm
48°N 0°E,0 mm
48°N 0°E,0 mm
47°N 0°E,0 mm
47°N 0°E,0 mm
46°N 0°E,0 mm
46°N 0°E,0 mm
45°N 0°E,0 mm
45°N 0°E,0 mm
44°N 0°E,0 mm
44°N 0°E,0 mm
43°N 0°E,0 mm
43°N 0°E,0 mm
42°N 0°E,0 mm
42°N 0°E,0 mm
41°N 0°E,0.1 mm
41°N 0°E,0.5 mm
40°N 0°E,0.1 mm
40°N 0°E,0.1 mm
39°N 0°E,1.3 mm
39°N 0°E,1.5 mm
38°N 0°E,2.4 mm
38°N 0°E,3 mm
37°N 0°E,2.1 mm
60°N 1°E,0 mm
60°N 1°E,0 mm
59°N 1°E,0 mm
59°N 1°E,0 mm
59°N 1°E,0 mm
58°N 1°E,0 mm
58°N 1°E,0 mm
58°N 1°E,0 mm
57°N 1°E,0.1 mm
57°N 1°E,0.1 mm
56°N 1°E,0.1 mm
56°N 1°E,0.2 mm
56°N 1°E,0.1 mm
55°N 1°E,0 mm
55°N 1°E,0.1 mm
54°N 1°E,0 mm
54°N 1°E,0 mm
54°N 1°E,0 mm
53°N 1°E,0 mm
53°N 1°E,0 mm
52°N 1°E,0 mm
52°N 1°E,0 mm
52°N 1°E,0 mm
51°N 1°E,0 mm
51°N 1°E,0 mm
50°N 1°E,0 mm
50°N 1°E,0 mm
49°N 1°E,0 mm
49°N 1°E,0 mm
48°N 1°E,0 mm
48°N 1°E,0 mm
47°N 1°E,0 mm
47°N 1°E,0 mm
46°N 1°E,0 mm
46°N 1°E,0 mm
45°N 1°E,0 mm
45°N 1°E,0 mm
44°N 1°E,0 mm
44°N 1°E,0 mm
43°N 1°E,0 mm
43°N 1°E,0 mm
42°N 1°E,0 mm
42°N 1°E,0 mm
41°N 1°E,0 mm
41°N 1°E,0 mm
40°N 1°E,2.4 mm
40°N 1°E,5.5 mm
39°N 1°E,4.5 mm
39°N 1°E,4 mm
38°N 1°E,4.6 mm
38°N 1°E,1.7 mm
37°N 1°E,1.1 mm
60°N 2°E,0 mm
60°N 2°E,0 mm
59°N 2°E,0 mm
59°N 2°E,0 mm
59°N 2°E,0 mm
58°N 2°E,0 mm
58°N 2°E,0.1 mm
58°N 2°E,0 mm
57°N 2°E,0 mm
57°N 2°E,0.1 mm
56°N 2°E,0.2 mm
56°N 2°E,0.1 mm
56°N 2°E,0.1 mm
55°N 2°E,0.1 mm
55°N 2°E,0.1 mm
54°N 2°E,0 mm
54°N 2°E,0 mm
54°N 2°E,0 mm
53°N 2°E,0 mm
53°N 2°E,0 mm
52°N 2°E,0 mm
52°N 2°E,0 mm
52°N 2°E,0 mm
51°N 2°E,0 mm
51°N 2°E,0 mm
50°N 2°E,0 mm
50°N 2°E,0 mm
49°N 2°E,0 mm
49°N 2°E,0 mm
48°N 2°E,0 mm
48°N 2°E,0 mm
47°N 2°E,0 mm
47°N 2°E,0 mm
66°N 57°E,0 mm
46°N 2°E,0 mm
45°N 2°E,0 mm
45°N 2°E,0 mm
44°N 2°E,0 mm
44°N 2°E,0 mm
43°N 2°E,0 mm
43°N 2°E,0 mm
42°N 2°E,0 mm
42°N 2°E,0 mm
41°N 2°E,0 mm
41°N 2°E,0.9 mm
40°N 2°E,3.4 mm
40°N 2°E,3.1 mm
39°N 2°E,0.7 mm
39°N 2°E,0.4 mm
38°N 2°E,0 mm
38°N 2°E,0 mm
37°N 2°E,0.8 mm
60°N 2°E,0 mm
60°N 2°E,0 mm
59°N 2°E,0 mm
59°N 2°E,0 mm
59°N 2°E,0 mm
58°N 2°E,0 mm
58°N 2°E,0 mm
58°N 2°E,0 mm
57°N 2°E,0.1 mm
57°N 2°E,0.1 mm
56°N 2°E,0.1 mm
56°N 2°E,0.1 mm
56°N 2°E,0.1 mm
55°N 2°E,0.1 mm
55°N 2°E,0.1 mm
54°N 2°E,0 mm
54°N 2°E,0 mm
54°N 2°E,0 mm
53°N 2°E,0 mm
53°N 2°E,0 mm
52°N 2°E,0 mm
52°N 2°E,0 mm
52°N 2°E,0 mm
51°N 2°E,0 mm
51°N 2°E,0 mm
50°N 2°E,0 mm
50°N 2°E,0 mm
49°N 2°E,0 mm
49°N 2°E,0 mm
48°N 2°E,0 mm
48°N 2°E,0 mm
47°N 2°E,0 mm
47°N 2°E,0 mm
46°N 2°E,0 mm
46°N 2°E,0 mm
45°N 2°E,0 mm
45°N 2°E,0 mm
44°N 2°E,0 mm
44°N 2°E,0 mm
43°N 2°E,0 mm
43°N 2°E,0 mm
42°N 2°E,0 mm
42°N 2°E,0 mm
41°N 2°E,1.5 mm
41°N 2°E,3.1 mm
40°N 2°E,5.2 mm
40°N 2°E,1.8 mm
39°N 2°E,0 mm
39°N 2°E,1.1 mm
38°N 2°E,0.2 mm
38°N 2°E,0.1 mm
37°N 2°E,2.2 mm
60°N 3°E,0 mm
60°N 3°E,0 mm
59°N 3°E,0 mm
59°N 3°E,0 mm
59°N 3°E,0 mm
58°N 3°E,0 mm
58°N 3°E,0 mm
58°N 3°E,0 mm
57°N 3°E,0 mm
57°N 3°E,0.1 mm
56°N 3°E,0.1 mm
56°N 3°E,0.1 mm
56°N 3°E,0.1 mm
55°N 3°E,0.1 mm
55°N 3°E,0 mm
54°N 3°E,0 mm
54°N 3°E,0 mm
54°N 3°E,0 mm
53°N 3°E,0 mm
53°N 3°E,0 mm
52°N 3°E,0 mm
52°N 3°E,0 mm
52°N 3°E,0 mm
51°N 3°E,0 mm
51°N 3°E,0 mm
50°N 3°E,0 mm
50°N 3°E,0 mm
49°N 3°E,0 mm
49°N 3°E,0 mm
48°N 3°E,0 mm
48°N 3°E,0 mm
47°N 3°E,0 mm
47°N 3°E,0 mm
46°N 3°E,0 mm
46°N 3°E,0 mm
45°N 3°E,0 mm
45°N 3°E,0 mm
44°N 3°E,0 mm
44°N 3°E,0 mm
43°N 3°E,0 mm
43°N 3°E,0 mm
42°N 3°E,0.7 mm
42°N 3°E,4.5 mm
41°N 3°E,5.1 mm
41°N 3°E,7.5 mm
40°N 3°E,5.1 mm
40°N 3°E,2.3 mm
39°N 3°E,1.8 mm
39°N 3°E,1.1 mm
38°N 3°E,0 mm
38°N 3°E,0.5 mm
37°N 3°E,5 mm
60°N 4°E,0 mm
60°N 4°E,0 mm
66°N 58°E,0 mm
59°N 4°E,0 mm
59°N 4°E,0 mm
58°N 4°E,0 mm
58°N 4°E,0 mm
58°N 4°E,0 mm
57°N 4°E,0 mm
57°N 4°E,0 mm
56°N 4°E,0.1 mm
56°N 4°E,0.1 mm
56°N 4°E,0.2 mm
55°N 4°E,0.1 mm
55°N 4°E,0 mm
54°N 4°E,0 mm
54°N 4°E,0 mm
54°N 4°E,0 mm
53°N 4°E,0 mm
53°N 4°E,0 mm
52°N 4°E,0 mm
52°N 4°E,0 mm
52°N 4°E,0 mm
51°N 4°E,0 mm
51°N 4°E,0 mm
50°N 4°E,0 mm
50°N 4°E,0 mm
49°N 4°E,0 mm
49°N 4°E,0 mm
48°N 4°E,0 mm
48°N 4°E,0 mm
47°N 4°E,0 mm
47°N 4°E,0 mm
46°N 4°E,0 mm
46°N 4°E,0 mm
45°N 4°E,0 mm
45°N 4°E,0 mm
44°N 4°E,0 mm
44°N 4°E,0 mm
43°N 4°E,0 mm
43°N 4°E,0.1 mm
42°N 4°E,1.2 mm
42°N 4°E,2.4 mm
41°N 4°E,4.3 mm
41°N 4°E,5.8 mm
40°N 4°E,3 mm
40°N 4°E,1.6 mm
39°N 4°E,3.7 mm
39°N 4°E,1.5 mm
38°N 4°E,0.6 mm
38°N 4°E,1.3 mm
37°N 4°E,1.2 mm
60°N 4°E,0 mm
60°N 4°E,0 mm
59°N 4°E,0 mm
59°N 4°E,0 mm
59°N 4°E,0 mm
58°N 4°E,0 mm
58°N 4°E,0 mm
58°N 4°E,0 mm
57°N 4°E,0 mm
57°N 4°E,0 mm
56°N 4°E,0.1 mm
56°N 4°E,0.1 mm
56°N 4°E,0.1 mm
55°N 4°E,0.1 mm
55°N 4°E,0 mm
54°N 4°E,0 mm
54°N 4°E,0 mm
54°N 4°E,0 mm
53°N 4°E,0 mm
53°N 4°E,0 mm
52°N 4°E,0 mm
52°N 4°E,0 mm
52°N 4°E,0 mm
51°N 4°E,0 mm
51°N 4°E,0 mm
50°N 4°E,0 mm
50°N 4°E,0 mm
49°N 4°E,0 mm
49°N 4°E,0 mm
48°N 4°E,0 mm
48°N 4°E,0 mm
47°N 4°E,0 mm
47°N 4°E,0 mm
46°N 4°E,0 mm
46°N 4°E,0 mm
45°N 4°E,0 mm
45°N 4°E,0 mm
44°N 4°E,0 mm
44°N 4°E,0 mm
43°N 4°E,0 mm
43°N 4°E,0.1 mm
42°N 4°E,1.1 mm
42°N 4°E,0.6 mm
41°N 4°E,2.5 mm
41°N 4°E,5.2 mm
40°N 4°E,0 mm
40°N 4°E,0.8 mm
39°N 4°E,2.4 mm
39°N 4°E,1.4 mm
38°N 4°E,0.7 mm
38°N 4°E,3.1 mm
37°N 4°E,0.1 mm
60°N 5°E,0 mm
60°N 5°E,0 mm
59°N 5°E,0 mm
59°N 5°E,0 mm
59°N 5°E,0 mm
58°N 5°E,0 mm
58°N 5°E,0 mm
58°N 5°E,0 mm
57°N 5°E,0 mm
57°N 5°E,0 mm
56°N 5°E,0.1 mm
56°N 5°E,0.2 mm
56°N 5°E,0.1 mm
55°N 5°E,0.1 mm
55°N 5°E,0.1 mm
54°N 5°E,0 mm
54°N 5°E,0 mm
54°N 5°E,0 mm
53°N 5°E,0 mm
53°N 5°E,0 mm
52°N 5°E,0 mm
52°N 5°E,0 mm
52°N 5°E,0 mm
51°N 5°E,0 mm
51°N 5°E,0 mm
50°N 5°E,0 mm
50°N 5°E,0 mm
49°N 5°E,0 mm
49°N 5°E,0 mm
48°N 5°E,0 mm
48°N 5°E,0 mm
47°N 5°E,0 mm
47°N 5°E,0 mm
46°N 5°E,0 mm
46°N 5°E,0 mm
45°N 5°E,0 mm
45°N 5°E,0 mm
44°N 5°E,0 mm
44°N 5°E,0 mm
43°N 5°E,0 mm
43°N 5°E,0.1 mm
42°N 5°E,0.9 mm
42°N 5°E,0.5 mm
41°N 5°E,2.6 mm
41°N 5°E,5.5 mm
40°N 5°E,0 mm
40°N 5°E,0.5 mm
39°N 5°E,0.9 mm
39°N 5°E,0.6 mm
38°N 5°E,0 mm
38°N 5°E,0.2 mm
37°N 5°E,0 mm
60°N 6°E,0 mm
60°N 6°E,0 mm
59°N 6°E,0 mm
59°N 6°E,0 mm
59°N 6°E,0 mm
58°N 6°E,0 mm
58°N 6°E,0.1 mm
58°N 6°E,0.1 mm
57°N 6°E,0.2 mm
57°N 6°E,0.1 mm
56°N 6°E,0 mm
56°N 6°E,0.1 mm
56°N 6°E,0.1 mm
55°N 6°E,0.1 mm
55°N 6°E,0.1 mm
54°N 6°E,0 mm
54°N 6°E,0 mm
54°N 6°E,0 mm
53°N 6°E,0 mm
53°N 6°E,0 mm
52°N 6°E,0 mm
52°N 6°E,0 mm
52°N 6°E,0 mm
51°N 6°E,0 mm
51°N 6°E,0 mm
50°N 6°E,0 mm
50°N 6°E,0 mm
49°N 6°E,0 mm
49°N 6°E,0 mm
48°N 6°E,0 mm
48°N 6°E,0 mm
66°N 58°E,0 mm
47°N 6°E,0 mm
46°N 6°E,0 mm
46°N 6°E,0 mm
45°N 6°E,0 mm
45°N 6°E,0 mm
44°N 6°E,0 mm
44°N 6°E,0 mm
43°N 6°E,0 mm
43°N 6°E,0 mm
42°N 6°E,0.5 mm
42°N 6°E,0.5 mm
41°N 6°E,1.6 mm
41°N 6°E,2.2 mm
40°N 6°E,0 mm
40°N 6°E,0.2 mm
39°N 6°E,0.5 mm
39°N 6°E,0.1 mm
38°N 6°E,0 mm
38°N 6°E,0 mm
37°N 6°E,0 mm
60°N 7°E,0 mm
60°N 7°E,0 mm
59°N 7°E,0 mm
59°N 7°E,0 mm
59°N 7°E,0 mm
58°N 7°E,0 mm
58°N 7°E,0 mm
58°N 7°E,0.1 mm
57°N 7°E,0 mm
57°N 7°E,0 mm
56°N 7°E,0.1 mm
56°N 7°E,0 mm
56°N 7°E,0.1 mm
55°N 7°E,0.1 mm
55°N 7°E,0 mm
54°N 7°E,0 mm
54°N 7°E,0 mm
54°N 7°E,0 mm
53°N 7°E,0 mm
53°N 7°E,0 mm
52°N 7°E,0 mm
52°N 7°E,0 mm
52°N 7°E,0 mm
51°N 7°E,0 mm
51°N 7°E,0 mm
50°N 7°E,0 mm
50°N 7°E,0 mm
49°N 7°E,0 mm
49°N 7°E,0 mm
48°N 7°E,0 mm
48°N 7°E,0 mm
47°N 7°E,0 mm
47°N 7°E,0 mm
46°N 7°E,0 mm
46°N 7°E,0 mm
45°N 7°E,0 mm
45°N 7°E,0 mm
44°N 7°E,0 mm
44°N 7°E,0 mm
43°N 7°E,0 mm
43°N 7°E,0 mm
42°N 7°E,1.3 mm
42°N 7°E,4.9 mm
41°N 7°E,0.2 mm
41°N 7°E,0.2 mm
40°N 7°E,0 mm
40°N 7°E,0.1 mm
39°N 7°E,0.2 mm
39°N 7°E,0.1 mm
38°N 7°E,0 mm
38°N 7°E,0 mm
37°N 7°E,0 mm
60°N 7°E,0 mm
60°N 7°E,0 mm
59°N 7°E,0 mm
59°N 7°E,0 mm
59°N 7°E,0 mm
58°N 7°E,0 mm
58°N 7°E,0 mm
58°N 7°E,0 mm
57°N 7°E,0 mm
57°N 7°E,0 mm
56°N 7°E,0 mm
56°N 7°E,0 mm
56°N 7°E,0 mm
55°N 7°E,0 mm
55°N 7°E,0 mm
54°N 7°E,0 mm
54°N 7°E,0 mm
54°N 7°E,0 mm
53°N 7°E,0 mm
53°N 7°E,0 mm
52°N 7°E,0 mm
52°N 7°E,0 mm
52°N 7°E,0 mm
51°N 7°E,0 mm
51°N 7°E,0 mm
50°N 7°E,0 mm
50°N 7°E,0 mm
49°N 7°E,0 mm
49°N 7°E,0 mm
48°N 7°E,0 mm
48°N 7°E,0 mm
47°N 7°E,0 mm
47°N 7°E,0 mm
46°N 7°E,0 mm
46°N 7°E,0 mm
45°N 7°E,0 mm
45°N 7°E,0 mm
44°N 7°E,0 mm
44°N 7°E,0 mm
43°N 7°E,0 mm
43°N 7°E,0 mm
42°N 7°E,1.8 mm
42°N 7°E,8.6 mm
41°N 7°E,0 mm
41°N 7°E,0 mm
40°N 7°E,0.1 mm
40°N 7°E,0 mm
39°N 7°E,0 mm
39°N 7°E,0 mm
38°N 7°E,0 mm
38°N 7°E,0 mm
37°N 7°E,0 mm
60°N 8°E,0 mm
60°N 8°E,0 mm
59°N 8°E,0 mm
59°N 8°E,0 mm
59°N 8°E,0 mm
58°N 8°E,0 mm
58°N 8°E,0 mm
58°N 8°E,0 mm
57°N 8°E,0 mm
57°N 8°E,0 mm
56°N 8°E,0 mm
56°N 8°E,0 mm
56°N 8°E,0 mm
55°N 8°E,0 mm
55°N 8°E,0 mm
54°N 8°E,0 mm
54°N 8°E,0 mm
54°N 8°E,0 mm
53°N 8°E,0 mm
53°N 8°E,0 mm
52°N 8°E,0 mm
52°N 8°E,0 mm
52°N 8°E,0 mm
51°N 8°E,0 mm
51°N 8°E,0 mm
50°N 8°E,0 mm
50°N 8°E,0 mm
49°N 8°E,0 mm
49°N 8°E,0 mm
48°N 8°E,0 mm
48°N 8°E,0 mm
47°N 8°E,0 mm
47°N 8°E,0 mm
46°N 8°E,0 mm
46°N 8°E,0 mm
45°N 8°E,0 mm
45°N 8°E,0 mm
44°N 8°E,0 mm
44°N 8°E,0 mm
43°N 8°E,0 mm
43°N 8°E,0 mm
42°N 8°E,1.2 mm
42°N 8°E,7.2 mm
41°N 8°E,1.6 mm
41°N 8°E,0 mm
40°N 8°E,0 mm
40°N 8°E,0 mm
39°N 8°E,0 mm
39°N 8°E,0 mm
38°N 8°E,0 mm
38°N 8°E,0 mm
37°N 8°E,0 mm
60°N 9°E,0 mm
60°N 9°E,0 mm
59°N 9°E,0 mm
59°N 9°E,0 mm
59°N 9°E,0 mm
58°N 9°E,0 mm
58°N 9°E,0 mm
58°N 9°E,0 mm
57°N 9°E,0 mm
57°N 9°E,0 mm
56°N 9°E,0 mm
56°N 9°E,0 mm
56°N 9°E,0 mm
55°N 9°E,0 mm
55°N 9°E,0 mm
54°N 9°E,0 mm
54°N 9°E,0 mm
54°N 9°E,0 mm
53°N 9°E,0 mm
53°N 9°E,0 mm
52°N 9°E,0 mm
52°N 9°E,0 mm
52°N 9°E,0 mm
51°N 9°E,0 mm
51°N 9°E,0 mm
50°N 9°E,0 mm
50°N 9°E,0 mm
49°N 9°E,0 mm
49°N 9°E,0 mm
48°N 9°E,0 mm
48°N 9°E,0 mm
47°N 9°E,0 mm
47°N 9°E,0 mm
46°N 9°E,0 mm
46°N 9°E,0 mm
45°N 9°E,0 mm
45°N 9°E,0 mm
44°N 9°E,0 mm
44°N 9°E,0 mm
43°N 9°E,0 mm
43°N 9°E,0.1 mm
42°N 9°E,0.1 mm
42°N 9°E,4.8 mm
41°N 9°E,18.6 mm
41°N 9°E,0 mm
40°N 9°E,0 mm
40°N 9°E,0.1 mm
39°N 9°E,0 mm
39°N 9°E,0 mm
38°N 9°E,0 mm
38°N 9°E,0 mm
37°N 9°E,0 mm
60°N 9°E,0 mm
60°N 9°E,0 mm
59°N 9°E,0 mm
59°N 9°E,0 mm
59°N 9°E,0 mm
58°N 9°E,0 mm
58°N 9°E,0 mm
58°N 9°E,0 mm
57°N 9°E,0 mm
57°N 9°E,0 mm
56°N 9°E,0 mm
56°N 9°E,0 mm
56°N 9°E,0 mm
55°N 9°E,0 mm
55°N 9°E,0 mm
54°N 9°E,0 mm
54°N 9°E,0 mm
54°N 9°E,0 mm
53°N 9°E,0 mm
53°N 9°E,0 mm
52°N 9°E,0 mm
52°N 9°E,0 mm
52°N 9°E,0 mm
51°N 9°E,0 mm
51°N 9°E,0 mm
50°N 9°E,0 mm
50°N 9°E,0 mm
49°N 9°E,0 mm
49°N 9°E,0 mm
48°N 9°E,0 mm
48°N 9°E,0 mm
47°N 9°E,0 mm
47°N 9°E,0 mm
46°N 9°E,0 mm
46°N 9°E,0 mm
45°N 9°E,0 mm
45°N 9°E,0 mm
44°N 9°E,0 mm
44°N 9°E,0 mm
43°N 9°E,0 mm
43°N 9°E,0 mm
42°N 9°E,0.2 mm
42°N 9°E,4.3 mm
41°N 9°E,16.4 mm
41°N 9°E,9.3 mm
40°N 9°E,1.4 mm
40°N 9°E,0 mm
39°N 9°E,0 mm
39°N 9°E,0 mm
38°N 9°E,0 mm
38°N 9°E,0 mm
37°N 9°E,0 mm
60°N 10°E,0 mm
60°N 10°E,0 mm
59°N 10°E,0 mm
59°N 10°E,0 mm
59°N 10°E,0 mm
58°N 10°E,0 mm
58°N 10°E,0 mm
58°N 10°E,0 mm
57°N 10°E,0 mm
57°N 10°E,0 mm
56°N 10°E,0 mm
56°N 10°E,0 mm
56°N 10°E,0 mm
55°N 10°E,0 mm
55°N 10°E,0 mm
54°N 10°E,0 mm
54°N 10°E,0 mm
54°N 10°E,0 mm
53°N 10°E,0 mm
53°N 10°E,0 mm
52°N 10°E,0 mm
52°N 10°E,0 mm
52°N 10°E,0 mm
51°N 10°E,0 mm
51°N 10°E,0 mm
50°N 10°E,0 mm
50°N 10°E,0 mm
49°N 10°E,0 mm
49°N 10°E,0 mm
48°N 10°E,0 mm
48°N 10°E,0 mm
47°N 10°E,0 mm
47°N 10°E,0 mm
46°N 10°E,0 mm
46°N 10°E,0 mm
45°N 10°E,0 mm
45°N 10°E,0 mm
44°N 10°E,0 mm
44°N 10°E,0 mm
43°N 10°E,0 mm
43°N 10°E,0 mm
42°N 10°E,0 mm
42°N 10°E,0 mm
41°N 10°E,1.1 mm
41°N 10°E,7.2 mm
40°N 10°E,10.6 mm
40°N 10°E,3.6 mm
39°N 10°E,0 mm
39°N 10°E,0 mm
38°N 10°E,0 mm
38°N 10°E,0 mm
37°N 10°E,0 mm
60°N 11°E,0 mm
60°N 11°E,0 mm
59°N 11°E,0 mm
59°N 11°E,0 mm
59°N 11°E,0 mm
58°N 11°E,0 mm
58°N 11°E,0 mm
58°N 11°E,0 mm
57°N 11°E,0 mm
57°N 11°E,0 mm
56°N 11°E,0 mm
56°N 11°E,0 mm
56°N 11°E,0 mm
55°N 11°E,0 mm
55°N 11°E,0 mm
54°N 11°E,0 mm
54°N 11°E,0.1 mm
54°N 11°E,0 mm
53°N 11°E,0 mm
53°N 11°E,0 mm
52°N 11°E,0 mm
52°N 11°E,0 mm
52°N 11°E,0 mm
51°N 11°E,0 mm
51°N 11°E,0 mm
50°N 11°E,0 mm
50°N 11°E,0 mm
49°N 11°E,0 mm
49°N 11°E,0 mm
48°N 11°E,0 mm
48°N 11°E,0 mm
47°N 11°E,0 mm
47°N 11°E,0 mm
46°N 11°E,0 mm
46°N 11°E,0 mm
45°N 11°E,0 mm
45°N 11°E,0 mm
44°N 11°E,0 mm
44°N 11°E,0 mm
43°N 11°E,0 mm
43°N 11°E,0 mm
42°N 11°E,0 mm
42°N 11°E,0 mm
41°N 11°E,0 mm
41°N 11°E,2.1 mm
40°N 11°E,7 mm
40°N 11°E,8.2 mm
39°N 11°E,7.2 mm
39°N 11°E,2.7 mm
38°N 11°E,0 mm
38°N 11°E,0 mm
37°N 11°E,0 mm
60°N 12°E,0 mm
60°N 12°E,0 mm
59°N 12°E,0 mm
59°N 12°E,0 mm
59°N 12°E,0 mm
58°N 12°E,0 mm
58°N 12°E,0 mm
58°N 12°E,0 mm
57°N 12°E,0 mm
57°N 12°E,0 mm
56°N 12°E,0 mm
56°N 12°E,0 mm
56°N 12°E,0 mm
55°N 12°E,0 mm
55°N 12°E,0 mm
54°N 12°E,0 mm
54°N 12°E,0.1 mm
54°N 12°E,0 mm
53°N 12°E,0 mm
53°N 12°E,0 mm
52°N 12°E,0 mm
52°N 12°E,0 mm
52°N 12°E,0 mm
51°N 12°E,0 mm
51°N 12°E,0 mm
50°N 12°E,0 mm
50°N 12°E,0 mm
49°N 12°E,0 mm
49°N 12°E,0 mm
48°N 12°E,0 mm
48°N 12°E,0 mm
47°N 12°E,0 mm
47°N 12°E,0 mm
46°N 12°E,0 mm
46°N 12°E,0 mm
45°N 12°E,0 mm
45°N 12°E,0 mm
44°N 12°E,0 mm
44°N 12°E,0 mm
43°N 12°E,0 mm
43°N 12°E,0 mm
42°N 12°E,0 mm
42°N 12°E,0 mm
41°N 12°E,0 mm
41°N 12°E,0.3 mm
40°N 12°E,3.9 mm
40°N 12°E,5.4 mm
39°N 12°E,4.6 mm
39°N 12°E,6.7 mm
38°N 12°E,8.2 mm
38°N 12°E,1.8 mm
37°N 12°E,0.1 mm
60°N 12°E,0 mm
60°N 12°E,0 mm
59°N 12°E,0 mm
59°N 12°E,0 mm
59°N 12°E,0 mm
58°N 12°E,0 mm
58°N 12°E,0 mm
58°N 12°E,0 mm
57°N 12°E,0 mm
57°N 12°E,0 mm
56°N 12°E,0 mm
56°N 12°E,0 mm
56°N 12°E,0 mm
55°N 12°E,0 mm
55°N 12°E,0 mm
54°N 12°E,0 mm
54°N 12°E,0.2 mm
54°N 12°E,0.1 mm
53°N 12°E,0 mm
53°N 12°E,0 mm
52°N 12°E,0 mm
52°N 12°E,0 mm
52°N 12°E,0 mm
51°N 12°E,0 mm
51°N 12°E,0 mm
50°N 12°E,0 mm
50°N 12°E,0 mm
49°N 12°E,0 mm
49°N 12°E,0 mm
48°N 12°E,0 mm
48°N 12°E,0 mm
47°N 12°E,0 mm
47°N 12°E,0 mm
46°N 12°E,0 mm
46°N 12°E,0 mm
45°N 12°E,0 mm
45°N 12°E,0 mm
44°N 12°E,0 mm
44°N 12°E,0 mm
43°N 12°E,0 mm
43°N 12°E,0 mm
42°N 12°E,0 mm
42°N 12°E,0 mm
41°N 12°E,0 mm
41°N 12°E,0 mm
40°N 12°E,0.8 mm
40°N 12°E,4.8 mm
39°N 12°E,3.6 mm
39°N 12°E,0 mm
38°N 12°E,4.2 mm
38°N 12°E,12.1 mm
37°N 12°E,8.6 mm
60°N 13°E,0 mm
60°N 13°E,0 mm
59°N 13°E,0 mm
59°N 13°E,0 mm
59°N 13°E,0 mm
58°N 13°E,0 mm
58°N 13°E,0 mm
58°N 13°E,0 mm
57°N 13°E,0 mm
57°N 13°E,0 mm
56°N 13°E,0 mm
56°N 13°E,0 mm
56°N 13°E,0 mm
55°N 13°E,0 mm
55°N 13°E,0 mm
54°N 13°E,0 mm
54°N 13°E,0.1 mm
54°N 13°E,0 mm
53°N 13°E,0 mm
53°N 13°E,0 mm
52°N 13°E,0 mm
52°N 13°E,0 mm
52°N 13°E,0 mm
51°N 13°E,0 mm
51°N 13°E,0 mm
50°N 13°E,0 mm
50°N 13°E,0 mm
49°N 13°E,0 mm
49°N 13°E,0 mm
48°N 13°E,0 mm
48°N 13°E,0 mm
47°N 13°E,0 mm
47°N 13°E,0 mm
46°N 13°E,0 mm
46°N 13°E,0 mm
45°N 13°E,0 mm
45°N 13°E,0 mm
44°N 13°E,0 mm
44°N 13°E,0 mm
43°N 13°E,0 mm
43°N 13°E,0 mm
42°N 13°E,0 mm
42°N 13°E,0 mm
41°N 13°E,0 mm
41°N 13°E,0 mm
40°N 13°E,0 mm
40°N 13°E,0.2 mm
39°N 13°E,1.7 mm
39°N 13°E,1.6 mm
38°N 13°E,0.1 mm
38°N 13°E,7.2 mm
37°N 13°E,6.5 mm
60°N 14°E,0 mm
60°N 14°E,0 mm
59°N 14°E,0 mm
59°N 14°E,0 mm
59°N 14°E,0 mm
58°N 14°E,0 mm
58°N 14°E,0 mm
58°N 14°E,0 mm
57°N 14°E,0 mm
57°N 14°E,0 mm
56°N 14°E,0 mm
56°N 14°E,0 mm
56°N 14°E,0 mm
55°N 14°E,0 mm
55°N 14°E,0 mm
54°N 14°E,0 mm
54°N 14°E,0 mm
54°N 14°E,0 mm
53°N 14°E,0 mm
53°N 14°E,0 mm
52°N 14°E,0 mm
52°N 14°E,0 mm
52°N 14°E,0 mm
51°N 14°E,0 mm
51°N 14°E,0 mm
50°N 14°E,0 mm
50°N 14°E,0 mm
49°N 14°E,0 mm
49°N 14°E,0 mm
48°N 14°E,0 mm
48°N 14°E,0 mm
47°N 14°E,0 mm
47°N 14°E,0 mm
46°N 14°E,0 mm
46°N 14°E,0 mm
45°N 14°E,0 mm
45°N 14°E,0 mm
44°N 14°E,0 mm
44°N 14°E,0 mm
43°N 14°E,0 mm
43°N 14°E,0 mm
42°N 14°E,0 mm
42°N 14°E,0 mm
41°N 14°E,0 mm
41°N 14°E,0 mm
40°N 14°E,0 mm
40°N 14°E,0 mm
39°N 14°E,0 mm
39°N 14°E,0 mm
38°N 14°E,0.5 mm
38°N 14°E,0 mm
37°N 14°E,0.3 mm
60°N 14°E,0 mm
60°N 14°E,0 mm
59°N 14°E,0 mm
59°N 14°E,0 mm
59°N 14°E,0 mm
58°N 14°E,0 mm
58°N 14°E,0 mm
58°N 14°E,0 mm
57°N 14°E,0 mm
57°N 14°E,0 mm
56°N 14°E,0 mm
56°N 14°E,0 mm
56°N 14°E,0 mm
55°N 14°E,0 mm
55°N 14°E,0 mm
54°N 14°E,0 mm
54°N 14°E,0 mm
54°N 14°E,0 mm
53°N 14°E,0 mm
53°N 14°E,0 mm
52°N 14°E,0 mm
52°N 14°E,0 mm
52°N 14°E,0 mm
51°N 14°E,0 mm
51°N 14°E,0 mm
50°N 14°E,0 mm
50°N 14°E,0 mm
49°N 14°E,0 mm
49°N 14°E,0 mm
48°N 14°E,0 mm
48°N 14°E,0 mm
47°N 14°E,0 mm
47°N 14°E,0 mm
46°N 14°E,0 mm
46°N 14°E,0 mm
45°N 14°E,0 mm
45°N 14°E,0 mm
44°N 14°E,0 mm
44°N 14°E,0 mm
43°N 14°E,0 mm
43°N 14°E,0 mm
42°N 14°E,0 mm
42°N 14°E,0 mm
41°N 14°E,0 mm
41°N 14°E,0 mm
40°N 14°E,0 mm
40°N 14°E,0 mm
39°N 14°E,0 mm
39°N 14°E,0 mm
38°N 14°E,0 mm
38°N 14°E,0.3 mm
37°N 14°E,1 mm
60°N 15°E,0 mm
60°N 15°E,0 mm
59°N 15°E,0 mm
59°N 15°E,0 mm
59°N 15°E,0 mm
58°N 15°E,0 mm
58°N 15°E,0 mm
58°N 15°E,0 mm
57°N 15°E,0 mm
57°N 15°E,0 mm
56°N 15°E,0 mm
56°N 15°E,0 mm
56°N 15°E,0 mm
55°N 15°E,0 mm
55°N 15°E,0 mm
54°N 15°E,0 mm
54°N 15°E,0.1 mm
54°N 15°E,0 mm
53°N 15°E,0 mm
53°N 15°E,0 mm
52°N 15°E,0 mm
52°N 15°E,0 mm
52°N 15°E,0 mm
51°N 15°E,0 mm
51°N 15°E,0 mm
50°N 15°E,0 mm
50°N 15°E,0 mm
49°N 15°E,0 mm
49°N 15°E,0 mm
48°N 15°E,0 mm
48°N 15°E,0 mm
47°N 15°E,0 mm
47°N 15°E,0 mm
46°N 15°E,0 mm
46°N 15°E,0 mm
45°N 15°E,0 mm
45°N 15°E,0 mm
44°N 15°E,0 mm
44°N 15°E,0 mm
43°N 15°E,0 mm
43°N 15°E,0 mm
42°N 15°E,0 mm
42°N 15°E,0 mm
41°N 15°E,0 mm
41°N 15°E,0 mm
40°N 15°E,0 mm
40°N 15°E,0 mm
39°N 15°E,0 mm
39°N 15°E,0 mm
38°N 15°E,0 mm
38°N 15°E,0.8 mm
37°N 15°E,1 mm
60°N 16°E,0 mm
60°N 16°E,0 mm
59°N 16°E,0 mm
59°N 16°E,0 mm
59°N 16°E,0 mm
58°N 16°E,0 mm
58°N 16°E,0 mm
58°N 16°E,0 mm
57°N 16°E,0 mm
57°N 16°E,0 mm
56°N 16°E,0 mm
56°N 16°E,0 mm
56°N 16°E,0 mm
55°N 16°E,0 mm
55°N 16°E,0.1 mm
54°N 16°E,0.1 mm
54°N 16°E,0 mm
54°N 16°E,0 mm
53°N 16°E,0 mm
53°N 16°E,0 mm
52°N 16°E,0 mm
52°N 16°E,0 mm
52°N 16°E,0 mm
51°N 16°E,0 mm
51°N 16°E,0 mm
50°N 16°E,0 mm
50°N 16°E,0 mm
49°N 16°E,0 mm
49°N 16°E,0 mm
48°N 16°E,0 mm
48°N 16°E,0 mm
47°N 16°E,0 mm
47°N 16°E,0 mm
46°N 16°E,0 mm
46°N 16°E,0 mm
45°N 16°E,0 mm
45°N 16°E,0 mm
44°N 16°E,0 mm
44°N 16°E,0 mm
43°N 16°E,0 mm
43°N 16°E,0 mm
42°N 16°E,0 mm
42°N 16°E,0 mm
41°N 16°E,0 mm
41°N 16°E,0.1 mm
40°N 16°E,0.2 mm
40°N 16°E,0 mm
39°N 16°E,0 mm
39°N 16°E,0 mm
38°N 16°E,0.3 mm
38°N 16°E,0.1 mm
37°N 16°E,0.1 mm
60°N 16°E,0 mm
60°N 16°E,0 mm
59°N 16°E,0 mm
59°N 16°E,0 mm
59°N 16°E,0 mm
58°N 16°E,0 mm
58°N 16°E,0 mm
58°N 16°E,0 mm
57°N 16°E,0 mm
57°N 16°E,0 mm
56°N 16°E,0 mm
56°N 16°E,0 mm
56°N 16°E,0 mm
55°N 16°E,0 mm
55°N 16°E,0 mm
54°N 16°E,0 mm
54°N 16°E,0 mm
54°N 16°E,0 mm
53°N 16°E,0 mm
53°N 16°E,0 mm
52°N 16°E,0 mm
52°N 16°E,0 mm
52°N 16°E,0 mm
51°N 16°E,0 mm
51°N 16°E,0 mm
50°N 16°E,0 mm
50°N 16°E,0 mm
49°N 16°E,0 mm
49°N 16°E,0 mm
48°N 16°E,0 mm
48°N 16°E,0 mm
47°N 16°E,0 mm
47°N 16°E,0 mm
46°N 16°E,0 mm
46°N 16°E,0 mm
45°N 16°E,0 mm
45°N 16°E,0 mm
44°N 16°E,0 mm
44°N 16°E,0 mm
43°N 16°E,0 mm
43°N 16°E,0 mm
42°N 16°E,0 mm
42°N 16°E,0 mm
41°N 16°E,0 mm
41°N 16°E,0.1 mm
40°N 16°E,0.6 mm
40°N 16°E,0.4 mm
39°N 16°E,0.1 mm
39°N 16°E,0 mm
38°N 16°E,0.1 mm
38°N 16°E,0.1 mm
37°N 16°E,0 mm
60°N 17°E,0 mm
60°N 17°E,0 mm
59°N 17°E,0 mm
59°N 17°E,0 mm
59°N 17°E,0 mm
58°N 17°E,0 mm
58°N 17°E,0 mm
58°N 17°E,0 mm
57°N 17°E,0 mm
57°N 17°E,0 mm
56°N 17°E,0 mm
56°N 17°E,0 mm
56°N 17°E,0 mm
55°N 17°E,0 mm
55°N 17°E,0 mm
54°N 17°E,0 mm
54°N 17°E,0 mm
54°N 17°E,0 mm
53°N 17°E,0 mm
53°N 17°E,0 mm
52°N 17°E,0 mm
52°N 17°E,0 mm
52°N 17°E,0 mm
51°N 17°E,0 mm
51°N 17°E,0 mm
50°N 17°E,0 mm
50°N 17°E,0 mm
49°N 17°E,0 mm
49°N 17°E,0 mm
48°N 17°E,0 mm
48°N 17°E,0 mm
47°N 17°E,0 mm
47°N 17°E,0 mm
46°N 17°E,0 mm
46°N 17°E,0 mm
45°N 17°E,0 mm
45°N 17°E,0 mm
44°N 17°E,0 mm
44°N 17°E,0 mm
43°N 17°E,0 mm
43°N 17°E,0 mm
42°N 17°E,0 mm
42°N 17°E,0 mm
41°N 17°E,0 mm
41°N 17°E,0 mm
40°N 17°E,0.3 mm
40°N 17°E,0.4 mm
39°N 17°E,0.7 mm
39°N 17°E,1 mm
38°N 17°E,0.3 mm
38°N 17°E,0.2 mm
37°N 17°E,0 mm
60°N 18°E,0 mm
60°N 18°E,0 mm
59°N 18°E,0 mm
59°N 18°E,0 mm
59°N 18°E,0 mm
58°N 18°E,0 mm
58°N 18°E,0 mm
58°N 18°E,0 mm
57°N 18°E,0 mm
57°N 18°E,0 mm
56°N 18°E,0 mm
56°N 18°E,0 mm
56°N 18°E,0 mm
55°N 18°E,0 mm
55°N 18°E,0 mm
54°N 18°E,0 mm
54°N 18°E,0 mm
54°N 18°E,0 mm
53°N 18°E,0 mm
53°N 18°E,0 mm
52°N 18°E,0 mm
52°N 18°E,0 mm
52°N 18°E,0 mm
51°N 18°E,0 mm
51°N 18°E,0 mm
50°N 18°E,0 mm
50°N 18°E,0 mm
49°N 18°E,0 mm
49°N 18°E,0 mm
48°N 18°E,0 mm
48°N 18°E,0 mm
47°N 18°E,0 mm
47°N 18°E,0 mm
46°N 18°E,0 mm
46°N 18°E,0 mm
45°N 18°E,0 mm
45°N 18°E,0 mm
44°N 18°E,0 mm
44°N 18°E,0 mm
43°N 18°E,0 mm
43°N 18°E,0 mm
42°N 18°E,0 mm
42°N 18°E,0 mm
41°N 18°E,0 mm
41°N 18°E,0 mm
40°N 18°E,0 mm
40°N 18°E,0.1 mm
39°N 18°E,0.3 mm
39°N 18°E,0.4 mm
38°N 18°E,0.2 mm
38°N 18°E,0 mm
37°N 18°E,0 mm
60°N 19°E,0 mm
60°N 19°E,0 mm
59°N 19°E,0 mm
59°N 19°E,0 mm
59°N 19°E,0 mm
58°N 19°E,0 mm
58°N 19°E,0 mm
58°N 19°E,0 mm
57°N 19°E,0 mm
57°N 19°E,0 mm
56°N 19°E,0 mm
56°N 19°E,0 mm
56°N 19°E,0 mm
55°N 19°E,0 mm
55°N 19°E,0 mm
54°N 19°E,0 mm
54°N 19°E,0 mm
54°N 19°E,0 mm
53°N 19°E,0 mm
53°N 19°E,0 mm
52°N 19°E,0 mm
52°N 19°E,0 mm
52°N 19°E,0 mm
51°N 19°E,0 mm
51°N 19°E,0 mm
50°N 19°E,0 mm
50°N 19°E,0 mm
49°N 19°E,0 mm
49°N 19°E,0 mm
48°N 19°E,0 mm
48°N 19°E,0 mm
47°N 19°E,0 mm
47°N 19°E,0 mm
46°N 19°E,0 mm
46°N 19°E,0 mm
45°N 19°E,0 mm
45°N 19°E,0 mm
44°N 19°E,0 mm
44°N 19°E,0 mm
43°N 19°E,0 mm
43°N 19°E,0 mm
42°N 19°E,0 mm
42°N 19°E,0 mm
41°N 19°E,0 mm
41°N 19°E,0 mm
40°N 19°E,0.1 mm
40°N 19°E,0 mm
39°N 19°E,0 mm
39°N 19°E,0 mm
38°N 19°E,0 mm
38°N 19°E,0 mm
37°N 19°E,0 mm
60°N 19°E,0 mm
60°N 19°E,0 mm
59°N 19°E,0 mm
59°N 19°E,0 mm
59°N 19°E,0 mm
58°N 19°E,0 mm
58°N 19°E,0 mm
58°N 19°E,0 mm
57°N 19°E,0 mm
57°N 19°E,0 mm
56°N 19°E,0 mm
56°N 19°E,0 mm
56°N 19°E,0 mm
55°N 19°E,0 mm
55°N 19°E,0 mm
54°N 19°E,0 mm
54°N 19°E,0 mm
54°N 19°E,0 mm
53°N 19°E,0 mm
53°N 19°E,0 mm
52°N 19°E,0 mm
52°N 19°E,0 mm
52°N 19°E,0 mm
51°N 19°E,0 mm
51°N 19°E,0 mm
50°N 19°E,0 mm
50°N 19°E,0 mm
49°N 19°E,0 mm
49°N 19°E,0 mm
48°N 19°E,0 mm
48°N 19°E,0 mm
47°N 19°E,0 mm
47°N 19°E,0 mm
46°N 19°E,0 mm
46°N 19°E,0 mm
45°N 19°E,0 mm
45°N 19°E,0 mm
44°N 19°E,0 mm
44°N 19°E,0 mm
43°N 19°E,0 mm
43°N 19°E,0 mm
42°N 19°E,0 mm
42°N 19°E,0 mm
41°N 19°E,0.1 mm
41°N 19°E,0 mm
40°N 19°E,0 mm
40°N 19°E,0 mm
39°N 19°E,0 mm
39°N 19°E,0 mm
38°N 19°E,0 mm
38°N 19°E,0 mm
37°N 19°E,0 mm
60°N 20°E,0 mm
60°N 20°E,0 mm
59°N 20°E,0 mm
59°N 20°E,0 mm
59°N 20°E,0 mm
58°N 20°E,0 mm
58°N 20°E,0 mm
58°N 20°E,0 mm
57°N 20°E,0 mm
57°N 20°E,0 mm
56°N 20°E,0 mm
56°N 20°E,0 mm
56°N 20°E,0 mm
55°N 20°E,0 mm
55°N 20°E,0 mm
54°N 20°E,0 mm
54°N 20°E,0 mm
54°N 20°E,0 mm
53°N 20°E,0 mm
53°N 20°E,0 mm
52°N 20°E,0 mm
52°N 20°E,0 mm
52°N 20°E,0 mm
51°N 20°E,0 mm
51°N 20°E,0 mm
50°N 20°E,0 mm
50°N 20°E,0 mm
49°N 20°E,0 mm
49°N 20°E,0 mm
48°N 20°E,0 mm
48°N 20°E,0 mm
47°N 20°E,0 mm
47°N 20°E,0 mm
46°N 20°E,0 mm
46°N 20°E,0 mm
45°N 20°E,0 mm
45°N 20°E,0 mm
44°N 20°E,0 mm
44°N 20°E,0 mm
43°N 20°E,0 mm
43°N 20°E,0 mm
42°N 20°E,0 mm
42°N 20°E,0 mm
41°N 20°E,0 mm
41°N 20°E,0 mm
40°N 20°E,0 mm
40°N 20°E,0 mm
39°N 20°E,0 mm
39°N 20°E,0 mm
38°N 20°E,0 mm
38°N 20°E,0 mm
37°N 20°E,0 mm
60°N 21°E,0 mm
60°N 21°E,0 mm
59°N 21°E,0 mm
59°N 21°E,0 mm
59°N 21°E,0 mm
58°N 21°E,0 mm
58°N 21°E,0 mm
58°N 21°E,0 mm
57°N 21°E,0 mm
57°N 21°E,0 mm
56°N 21°E,0 mm
56°N 21°E,0 mm
56°N 21°E,0 mm
55°N 21°E,0 mm
55°N 21°E,0 mm
54°N 21°E,0 mm
54°N 21°E,0 mm
54°N 21°E,0 mm
53°N 21°E,0 mm
53°N 21°E,0 mm
52°N 21°E,0 mm
52°N 21°E,0 mm
52°N 21°E,0 mm
51°N 21°E,0 mm
51°N 21°E,0 mm
50°N 21°E,0 mm
50°N 21°E,0 mm
49°N 21°E,0 mm
49°N 21°E,0 mm
48°N 21°E,0 mm
48°N 21°E,0 mm
47°N 21°E,0 mm
47°N 21°E,0 mm
46°N 21°E,0 mm
46°N 21°E,0 mm
45°N 21°E,0 mm
45°N 21°E,0 mm
44°N 21°E,0 mm
44°N 21°E,0 mm
43°N 21°E,0 mm
43°N 21°E,0 mm
42°N 21°E,0 mm
42°N 21°E,0 mm
41°N 21°E,0 mm
41°N 21°E,0 mm
40°N 21°E,0 mm
40°N 21°E,0 mm
39°N 21°E,0 mm
39°N 21°E,0 mm
38°N 21°E,0 mm
38°N 21°E,0 mm
37°N 21°E,0 mm
60°N 21°E,0 mm
60°N 21°E,0 mm
59°N 21°E,0 mm
59°N 21°E,0 mm
59°N 21°E,0 mm
58°N 21°E,0 mm
58°N 21°E,0 mm
58°N 21°E,0 mm
57°N 21°E,0 mm
57°N 21°E,0 mm
56°N 21°E,0 mm
56°N 21°E,0 mm
56°N 21°E,0 mm
55°N 21°E,0 mm
55°N 21°E,0 mm
54°N 21°E,0 mm
54°N 21°E,0 mm
54°N 21°E,0 mm
53°N 21°E,0 mm
53°N 21°E,0 mm
52°N 21°E,0 mm
52°N 21°E,0 mm
52°N 21°E,0 mm
51°N 21°E,0 mm
51°N 21°E,0 mm
50°N 21°E,0 mm
50°N 21°E,0 mm
49°N 21°E,0 mm
49°N 21°E,0 mm
48°N 21°E,0 mm
48°N 21°E,0 mm
47°N 21°E,0 mm
47°N 21°E,0 mm
46°N 21°E,0 mm
46°N 21°E,0 mm
45°N 21°E,0 mm
45°N 21°E,0 mm
44°N 21°E,0 mm
44°N 21°E,0 mm
43°N 21°E,0 mm
43°N 21°E,0 mm
42°N 21°E,0 mm
42°N 21°E,0 mm
41°N 21°E,0 mm
41°N 21°E,0 mm
40°N 21°E,0 mm
40°N 21°E,0 mm
39°N 21°E,0 mm
39°N 21°E,0 mm
38°N 21°E,0 mm
38°N 21°E,0 mm
37°N 21°E,0 mm
60°N 22°E,0 mm
60°N 22°E,0 mm
59°N 22°E,0 mm
59°N 22°E,0 mm
59°N 22°E,0 mm
58°N 22°E,0 mm
58°N 22°E,0 mm
58°N 22°E,0 mm
57°N 22°E,0 mm
57°N 22°E,0 mm
56°N 22°E,0 mm
56°N 22°E,0 mm
56°N 22°E,0 mm
55°N 22°E,0 mm
55°N 22°E,0 mm
54°N 22°E,0 mm
54°N 22°E,0 mm
54°N 22°E,0 mm
53°N 22°E,0 mm
53°N 22°E,0 mm
52°N 22°E,0 mm
52°N 22°E,0 mm
52°N 22°E,0 mm
51°N 22°E,0 mm
51°N 22°E,0 mm
50°N 22°E,0 mm
50°N 22°E,0 mm
49°N 22°E,0 mm
49°N 22°E,0 mm
48°N 22°E,0 mm
48°N 22°E,0 mm
47°N 22°E,0 mm
47°N 22°E,0 mm
46°N 22°E,0 mm
46°N 22°E,0 mm
45°N 22°E,0 mm
45°N 22°E,0 mm
44°N 22°E,0 mm
44°N 22°E,0 mm
43°N 22°E,0 mm
43°N 22°E,0 mm
42°N 22°E,0 mm
42°N 22°E,0 mm
41°N 22°E,0 mm
41°N 22°E,0 mm
40°N 22°E,0 mm
40°N 22°E,0 mm
39°N 22°E,0 mm
39°N 22°E,0 mm
38°N 22°E,0 mm
38°N 22°E,0 mm
37°N 22°E,0 mm
60°N 23°E,0 mm
60°N 23°E,0 mm
59°N 23°E,0 mm
59°N 23°E,0 mm
59°N 23°E,0 mm
58°N 23°E,0 mm
58°N 23°E,0 mm
58°N 23°E,0 mm
57°N 23°E,0 mm
57°N 23°E,0 mm
56°N 23°E,0 mm
56°N 23°E,0 mm
56°N 23°E,0 mm
55°N 23°E,0 mm
55°N 23°E,0 mm
54°N 23°E,0 mm
54°N 23°E,0 mm
54°N 23°E,0 mm
53°N 23°E,0 mm
53°N 23°E,0 mm
52°N 23°E,0 mm
52°N 23°E,0 mm
52°N 23°E,0 mm
51°N 23°E,0 mm
51°N 23°E,0 mm
50°N 23°E,0 mm
50°N 23°E,0 mm
49°N 23°E,0 mm
49°N 23°E,0 mm
48°N 23°E,0 mm
48°N 23°E,0 mm
47°N 23°E,0 mm
47°N 23°E,0 mm
46°N 23°E,0 mm
46°N 23°E,0 mm
45°N 23°E,0 mm
45°N 23°E,0 mm
44°N 23°E,0 mm
44°N 23°E,0 mm
43°N 23°E,0 mm
43°N 23°E,0 mm
42°N 23°E,0 mm
42°N 23°E,0 mm
41°N 23°E,0 mm
41°N 23°E,0 mm
40°N 23°E,0 mm
40°N 23°E,0 mm
39°N 23°E,0 mm
39°N 23°E,0 mm
38°N 23°E,0 mm
38°N 23°E,0 mm
37°N 23°E,0 mm
60°N 23°E,0 mm
60°N 23°E,0 mm
59°N 23°E,0 mm
59°N 23°E,0 mm
59°N 23°E,0 mm
58°N 23°E,0 mm
58°N 23°E,0 mm
58°N 23°E,0 mm
57°N 23°E,0 mm
57°N 23°E,0 mm
56°N 23°E,0 mm
56°N 23°E,0 mm
56°N 23°E,0 mm
55°N 23°E,0 mm
55°N 23°E,0 mm
54°N 23°E,0 mm
54°N 23°E,0 mm
54°N 23°E,0 mm
53°N 23°E,0 mm
53°N 23°E,0 mm
52°N 23°E,0 mm
52°N 23°E,0 mm
52°N 23°E,0 mm
51°N 23°E,0 mm
51°N 23°E,0 mm
50°N 23°E,0 mm
50°N 23°E,0 mm
49°N 23°E,0 mm
49°N 23°E,0 mm
48°N 23°E,0 mm
48°N 23°E,0 mm
47°N 23°E,0 mm
47°N 23°E,0 mm
46°N 23°E,0 mm
46°N 23°E,0 mm
45°N 23°E,0 mm
45°N 23°E,0 mm
44°N 23°E,0 mm
44°N 23°E,0 mm
43°N 23°E,0 mm
43°N 23°E,0 mm
42°N 23°E,0 mm
42°N 23°E,0 mm
41°N 23°E,0 mm
41°N 23°E,0 mm
40°N 23°E,0 mm
40°N 23°E,0 mm
39°N 23°E,0 mm
39°N 23°E,0 mm
38°N 23°E,0 mm
38°N 23°E,0 mm
37°N 23°E,0 mm
60°N 24°E,0 mm
60°N 24°E,0 mm
59°N 24°E,0 mm
59°N 24°E,0 mm
59°N 24°E,0 mm
58°N 24°E,0 mm
58°N 24°E,0 mm
58°N 24°E,0 mm
57°N 24°E,0 mm
57°N 24°E,0 mm
56°N 24°E,0 mm
56°N 24°E,0 mm
56°N 24°E,0 mm
55°N 24°E,0 mm
55°N 24°E,0 mm
54°N 24°E,0 mm
54°N 24°E,0 mm
54°N 24°E,0 mm
53°N 24°E,0 mm
53°N 24°E,0 mm
52°N 24°E,0 mm
52°N 24°E,0 mm
52°N 24°E,0 mm
51°N 24°E,0 mm
51°N 24°E,0 mm
50°N 24°E,0 mm
50°N 24°E,0 mm
49°N 24°E,0 mm
49°N 24°E,0 mm
48°N 24°E,0 mm
48°N 24°E,0 mm
47°N 24°E,0 mm
47°N 24°E,0 mm
46°N 24°E,0 mm
46°N 24°E,0 mm
45°N 24°E,0 mm
45°N 24°E,0 mm
44°N 24°E,0 mm
44°N 24°E,0 mm
43°N 24°E,0 mm
43°N 24°E,0 mm
42°N 24°E,0 mm
42°N 24°E,0 mm
41°N 24°E,0 mm
41°N 24°E,0 mm
40°N 24°E,0 mm
40°N 24°E,0 mm
39°N 24°E,0 mm
39°N 24°E,0 mm
38°N 24°E,0 mm
38°N 24°E,0 mm
37°N 24°E,0 mm
60°N 25°E,0 mm
60°N 25°E,0 mm
59°N 25°E,0 mm
59°N 25°E,0 mm
59°N 25°E,0 mm
58°N 25°E,0 mm
58°N 25°E,0 mm
58°N 25°E,0 mm
57°N 25°E,0 mm
57°N 25°E,0 mm
56°N 25°E,0 mm
56°N 25°E,0 mm
56°N 25°E,0 mm
55°N 25°E,0 mm
55°N 25°E,0 mm
54°N 25°E,0 mm
54°N 25°E,0 mm
54°N 25°E,0 mm
53°N 25°E,0 mm
53°N 25°E,0 mm
52°N 25°E,0 mm
52°N 25°E,0 mm
52°N 25°E,0 mm
51°N 25°E,0 mm
51°N 25°E,0.1 mm
50°N 25°E,0 mm
50°N 25°E,0 mm
49°N 25°E,0 mm
49°N 25°E,0.1 mm
48°N 25°E,0 mm
48°N 25°E,0 mm
47°N 25°E,0 mm
47°N 25°E,0 mm
46°N 25°E,0 mm
46°N 25°E,0 mm
45°N 25°E,0 mm
45°N 25°E,0 mm
44°N 25°E,0 mm
44°N 25°E,0 mm
43°N 25°E,0 mm
43°N 25°E,0 mm
42°N 25°E,0 mm
42°N 25°E,0 mm
41°N 25°E,0 mm
41°N 25°E,0 mm
40°N 25°E,0 mm
40°N 25°E,0 mm
39°N 25°E,0 mm
39°N 25°E,0 mm
38°N 25°E,0 mm
38°N 25°E,0 mm
37°N 25°E,0 mm
60°N 26°E,0.2 mm
60°N 26°E,0 mm
59°N 26°E,0 mm
59°N 26°E,0 mm
59°N 26°E,0 mm
58°N 26°E,0 mm
58°N 26°E,0 mm
58°N 26°E,0 mm
57°N 26°E,0 mm
57°N 26°E,0 mm
56°N 26°E,0 mm
56°N 26°E,0 mm
56°N 26°E,0 mm
55°N 26°E,0 mm
55°N 26°E,0 mm
54°N 26°E,0 mm
54°N 26°E,0 mm
54°N 26°E,0 mm
53°N 26°E,0 mm
53°N 26°E,0 mm
52°N 26°E,0 mm
52°N 26°E,0 mm
52°N 26°E,0 mm
51°N 26°E,0.1 mm
51°N 26°E,0.1 mm
50°N 26°E,0.1 mm
50°N 26°E,0 mm
49°N 26°E,0 mm
49°N 26°E,0.1 mm
48°N 26°E,0 mm
48°N 26°E,0 mm
47°N 26°E,0 mm
47°N 26°E,0 mm
46°N 26°E,0 mm
46°N 26°E,0 mm
45°N 26°E,0 mm
45°N 26°E,0 mm
44°N 26°E,0 mm
44°N 26°E,0 mm
43°N 26°E,0 mm
43°N 26°E,0 mm
42°N 26°E,0 mm
42°N 26°E,0 mm
41°N 26°E,0 mm
41°N 26°E,0 mm
40°N 26°E,0 mm
40°N 26°E,0 mm
39°N 26°E,0 mm
39°N 26°E,0 mm
38°N 26°E,0 mm
38°N 26°E,0 mm
37°N 26°E,0 mm
60°N 26°E,0.8 mm
60°N 26°E,0.3 mm
59°N 26°E,0 mm
59°N 26°E,0 mm
59°N 26°E,0 mm
58°N 26°E,0 mm
58°N 26°E,0 mm
58°N 26°E,0 mm
57°N 26°E,0 mm
57°N 26°E,0 mm
56°N 26°E,0 mm
56°N 26°E,0 mm
56°N 26°E,0 mm
55°N 26°E,0 mm
55°N 26°E,0 mm
54°N 26°E,0 mm
54°N 26°E,0 mm
54°N 26°E,0 mm
53°N 26°E,0 mm
53°N 26°E,0 mm
52°N 26°E,0 mm
52°N 26°E,0 mm
52°N 26°E,0 mm
51°N 26°E,0.1 mm
51°N 26°E,0.1 mm
50°N 26°E,0 mm
50°N 26°E,0 mm
49°N 26°E,0 mm
49°N 26°E,0 mm
48°N 26°E,0 mm
48°N 26°E,0 mm
47°N 26°E,0 mm
47°N 26°E,0 mm
46°N 26°E,0 mm
46°N 26°E,0 mm
45°N 26°E,0 mm
45°N 26°E,0 mm
44°N 26°E,0 mm
44°N 26°E,0 mm
43°N 26°E,0 mm
43°N 26°E,0 mm
42°N 26°E,0 mm
42°N 26°E,0 mm
41°N 26°E,0 mm
41°N 26°E,0 mm
40°N 26°E,0 mm
40°N 26°E,0 mm
39°N 26°E,0 mm
39°N 26°E,0 mm
38°N 26°E,0 mm
38°N 26°E,0 mm
37°N 26°E,0 mm
60°N 27°E,0.5 mm
60°N 27°E,0.2 mm
59°N 27°E,0 mm
59°N 27°E,0 mm
59°N 27°E,0 mm
58°N 27°E,0 mm
58°N 27°E,0 mm
58°N 27°E,0 mm
57°N 27°E,0 mm
57°N 27°E,0 mm
56°N 27°E,0 mm
56°N 27°E,0 mm
56°N 27°E,0 mm
55°N 27°E,0 mm
55°N 27°E,0 mm
54°N 27°E,0 mm
54°N 27°E,0 mm
54°N 27°E,0 mm
53°N 27°E,0 mm
53°N 27°E,0 mm
52°N 27°E,0 mm
52°N 27°E,0 mm
52°N 27°E,0 mm
51°N 27°E,0.1 mm
51°N 27°E,0.1 mm
50°N 27°E,0.1 mm
50°N 27°E,0 mm
49°N 27°E,0 mm
49°N 27°E,0 mm
48°N 27°E,0 mm
48°N 27°E,0 mm
47°N 27°E,0 mm
47°N 27°E,0 mm
46°N 27°E,0 mm
46°N 27°E,0 mm
45°N 27°E,0 mm
45°N 27°E,0 mm
44°N 27°E,0 mm
44°N 27°E,0 mm
43°N 27°E,0 mm
43°N 27°E,0 mm
42°N 27°E,0 mm
42°N 27°E,0 mm
41°N 27°E,0 mm
41°N 27°E,0 mm
40°N 27°E,0 mm
40°N 27°E,0 mm
39°N 27°E,0 mm
39°N 27°E,0 mm
38°N 27°E,0 mm
38°N 27°E,0 mm
37°N 27°E,0 mm
60°N 28°E,0 mm
60°N 28°E,0 mm
59°N 28°E,0 mm
59°N 28°E,0 mm
59°N 28°E,0 mm
58°N 28°E,0 mm
58°N 28°E,0 mm
58°N 28°E,0 mm
57°N 28°E,0 mm
57°N 28°E,0 mm
56°N 28°E,0 mm
56°N 28°E,0 mm
56°N 28°E,0 mm
55°N 28°E,0 mm
55°N 28°E,0 mm
54°N 28°E,0 mm
54°N 28°E,0 mm
54°N 28°E,0 mm
53°N 28°E,0 mm
53°N 28°E,0 mm
52°N 28°E,0 mm
52°N 28°E,0 mm
52°N 28°E,0 mm
51°N 28°E,0.1 mm
51°N 28°E,0 mm
50°N 28°E,0.1 mm
50°N 28°E,0.1 mm
49°N 28°E,0 mm
49°N 28°E,0 mm
48°N 28°E,0 mm
48°N 28°E,0 mm
47°N 28°E,0 mm
47°N 28°E,0 mm
46°N 28°E,0 mm
46°N 28°E,0 mm
45°N 28°E,0 mm
45°N 28°E,0 mm
44°N 28°E,0 mm
44°N 28°E,0 mm
43°N 28°E,0 mm
43°N 28°E,0 mm
42°N 28°E,0 mm
42°N 28°E,0 mm
41°N 28°E,0 mm
41°N 28°E,0 mm
40°N 28°E,0 mm
40°N 28°E,0 mm
39°N 28°E,0 mm
39°N 28°E,0 mm
38°N 28°E,0 mm
38°N 28°E,0 mm
37°N 28°E,0 mm
60°N 28°E,0 mm
60°N 28°E,0 mm
59°N 28°E,0 mm
59°N 28°E,0 mm
59°N 28°E,0 mm
58°N 28°E,0 mm
58°N 28°E,0 mm
58°N 28°E,0 mm
57°N 28°E,0 mm
57°N 28°E,0 mm
56°N 28°E,0 mm
56°N 28°E,0 mm
56°N 28°E,0 mm
55°N 28°E,0 mm
55°N 28°E,0 mm
54°N 28°E,0 mm
54°N 28°E,0 mm
54°N 28°E,0 mm
53°N 28°E,0 mm
53°N 28°E,0 mm
52°N 28°E,0 mm
52°N 28°E,0 mm
52°N 28°E,0 mm
51°N 28°E,0 mm
51°N 28°E,0 mm
50°N 28°E,0.1 mm
50°N 28°E,0 mm
49°N 28°E,0 mm
49°N 28°E,0 mm
48°N 28°E,0 mm
48°N 28°E,0 mm
47°N 28°E,0 mm
47°N 28°E,0 mm
46°N 28°E,0 mm
46°N 28°E,0 mm
45°N 28°E,0 mm
45°N 28°E,0 mm
44°N 28°E,0 mm
44°N 28°E,0 mm
43°N 28°E,0 mm
43°N 28°E,0 mm
42°N 28°E,0 mm
42°N 28°E,0 mm
41°N 28°E,0 mm
41°N 28°E,0 mm
40°N 28°E,0 mm
40°N 28°E,0 mm
39°N 28°E,0 mm
39°N 28°E,0 mm
38°N 28°E,0 mm
38°N 28°E,0 mm
37°N 28°E,0 mm
60°N 29°E,0 mm
60°N 29°E,0 mm
59°N 29°E,0 mm
59°N 29°E,0 mm
59°N 29°E,0 mm
58°N 29°E,0 mm
58°N 29°E,0 mm
58°N 29°E,0 mm
57°N 29°E,0 mm
57°N 29°E,0 mm
56°N 29°E,0 mm
56°N 29°E,0 mm
56°N 29°E,0 mm
55°N 29°E,0 mm
55°N 29°E,0 mm
54°N 29°E,0 mm
54°N 29°E,0 mm
54°N 29°E,0 mm
53°N 29°E,0 mm
53°N 29°E,0 mm
52°N 29°E,0 mm
52°N 29°E,0 mm
52°N 29°E,0 mm
51°N 29°E,0 mm
51°N 29°E,0 mm
50°N 29°E,0 mm
50°N 29°E,0.1 mm
49°N 29°E,0.1 mm
49°N 29°E,0.1 mm
48°N 29°E,0.1 mm
48°N 29°E,0 mm
47°N 29°E,0 mm
47°N 29°E,0 mm
46°N 29°E,0 mm
46°N 29°E,0 mm
45°N 29°E,0 mm
45°N 29°E,0 mm
44°N 29°E,0 mm
44°N 29°E,0 mm
43°N 29°E,0 mm
43°N 29°E,0 mm
42°N 29°E,0 mm
42°N 29°E,0 mm
41°N 29°E,0 mm
41°N 29°E,0 mm
40°N 29°E,0 mm
40°N 29°E,0 mm
39°N 29°E,0 mm
39°N 29°E,0 mm
38°N 29°E,0 mm
38°N 29°E,0 mm
37°N 29°E,0 mm
60°N 30°E,0 mm
60°N 30°E,0 mm
59°N 30°E,0 mm
59°N 30°E,0 mm
59°N 30°E,0 mm
58°N 30°E,0 mm
58°N 30°E,0 mm
58°N 30°E,0 mm
57°N 30°E,0 mm
57°N 30°E,0 mm
56°N 30°E,0 mm
56°N 30°E,0 mm
56°N 30°E,0 mm
55°N 30°E,0 mm
55°N 30°E,0 mm
54°N 30°E,0 mm
54°N 30°E,0 mm
54°N 30°E,0 mm
53°N 30°E,0 mm
53°N 30°E,0 mm
52°N 30°E,0 mm
52°N 30°E,0 mm
52°N 30°E,0 mm
51°N 30°E,0 mm
51°N 30°E,0 mm
50°N 30°E,0 mm
50°N 30°E,0.1 mm
49°N 30°E,0.1 mm
49°N 30°E,0.1 mm
48°N 30°E,0 mm
48°N 30°E,0 mm
47°N 30°E,0.1 mm
47°N 30°E,0 mm
46°N 30°E,0 mm
46°N 30°E,0 mm
45°N 30°E,0.1 mm
45°N 30°E,0.1 mm
44°N 30°E,0 mm
44°N 30°E,0.1 mm
43°N 30°E,0.1 mm
43°N 30°E,0 mm
42°N 30°E,0 mm
42°N 30°E,0 mm
41°N 30°E,0 mm
41°N 30°E,0 mm
40°N 30°E,0 mm
40°N 30°E,0 mm
39°N 30°E,0 mm
39°N 30°E,0 mm
38°N 30°E,0 mm
38°N 30°E,0 mm
37°N 30°E,0 mm
60°N 30°E,0 mm
60°N 30°E,0 mm
59°N 30°E,0 mm
59°N 30°E,0 mm
59°N 30°E,0 mm
58°N 30°E,0 mm
58°N 30°E,0 mm
58°N 30°E,0 mm
57°N 30°E,0 mm
57°N 30°E,0 mm
56°N 30°E,0 mm
56°N 30°E,0 mm
56°N 30°E,0 mm
55°N 30°E,0 mm
55°N 30°E,0 mm
54°N 30°E,0 mm
54°N 30°E,0 mm
54°N 30°E,0 mm
53°N 30°E,0 mm
53°N 30°E,0 mm
52°N 30°E,0 mm
52°N 30°E,0 mm
52°N 30°E,0 mm
51°N 30°E,0 mm
51°N 30°E,0 mm
50°N 30°E,0 mm
50°N 30°E,0 mm
49°N 30°E,0 mm
49°N 30°E,0 mm
48°N 30°E,0.1 mm
48°N 30°E,0 mm
47°N 30°E,0 mm
47°N 30°E,0 mm
46°N 30°E,0 mm
46°N 30°E,0 mm
45°N 30°E,0.1 mm
45°N 30°E,0 mm
44°N 30°E,0.2 mm
44°N 30°E,0.1 mm
43°N 30°E,0.2 mm
43°N 30°E,0 mm
42°N 30°E,0 mm
42°N 30°E,0 mm
41°N 30°E,0 mm
41°N 30°E,0 mm
40°N 30°E,0 mm
40°N 30°E,0 mm
39°N 30°E,0 mm
39°N 30°E,0 mm
38°N 30°E,0 mm
38°N 30°E,0 mm
37°N 30°E,0 mm
60°N 31°E,0 mm
60°N 31°E,0 mm
59°N 31°E,0 mm
59°N 31°E,0 mm
59°N 31°E,0 mm
58°N 31°E,0 mm
58°N 31°E,0 mm
58°N 31°E,0 mm
57°N 31°E,0 mm
57°N 31°E,0 mm
56°N 31°E,0 mm
56°N 31°E,0 mm
56°N 31°E,0 mm
55°N 31°E,0 mm
55°N 31°E,0 mm
54°N 31°E,0 mm
54°N 31°E,0 mm
54°N 31°E,0 mm
53°N 31°E,0 mm
53°N 31°E,0 mm
52°N 31°E,0 mm
52°N 31°E,0 mm
52°N 31°E,0 mm
51°N 31°E,0 mm
51°N 31°E,0 mm
50°N 31°E,0 mm
50°N 31°E,0 mm
49°N 31°E,0 mm
49°N 31°E,0 mm
48°N 31°E,0 mm
48°N 31°E,0 mm
47°N 31°E,0.1 mm
47°N 31°E,0 mm
46°N 31°E,0.1 mm
46°N 31°E,0.2 mm
45°N 31°E,0.1 mm
45°N 31°E,0 mm
44°N 31°E,0.2 mm
44°N 31°E,0.1 mm
43°N 31°E,0 mm
43°N 31°E,0.1 mm
42°N 31°E,0 mm
42°N 31°E,0 mm
41°N 31°E,0 mm
41°N 31°E,0 mm
40°N 31°E,0 mm
40°N 31°E,0 mm
39°N 31°E,0 mm
39°N 31°E,0 mm
38°N 31°E,0 mm
38°N 31°E,0 mm
37°N 31°E,0 mm
