60°N 12°W,19 km/h
60°N 12°W,18 km/h
59°N 12°W,16 km/h
59°N 12°W,13 km/h
59°N 12°W,14 km/h
58°N 12°W,19 km/h
58°N 12°W,23 km/h
58°N 12°W,25 km/h
57°N 12°W,29 km/h
57°N 12°W,22 km/h
56°N 12°W,10 km/h
56°N 12°W,12 km/h
56°N 12°W,22 km/h
55°N 12°W,30 km/h
55°N 12°W,28 km/h
54°N 12°W,23 km/h
54°N 12°W,27 km/h
54°N 12°W,33 km/h
53°N 12°W,35 km/h
53°N 12°W,31 km/h
52°N 12°W,28 km/h
52°N 12°W,28 km/h
52°N 12°W,24 km/h
51°N 12°W,21 km/h
51°N 12°W,25 km/h
50°N 12°W,24 km/h
50°N 12°W,26 km/h
49°N 12°W,27 km/h
49°N 12°W,24 km/h
48°N 12°W,22 km/h
48°N 12°W,25 km/h
47°N 12°W,29 km/h
47°N 12°W,24 km/h
46°N 12°W,19 km/h
46°N 12°W,19 km/h
45°N 12°W,16 km/h
45°N 12°W,8 km/h
44°N 12°W,2 km/h
44°N 12°W,5 km/h
43°N 12°W,10 km/h
43°N 12°W,11 km/h
42°N 12°W,13 km/h
42°N 12°W,15 km/h
41°N 12°W,17 km/h
41°N 12°W,19 km/h
40°N 12°W,22 km/h
40°N 12°W,22 km/h
39°N 12°W,21 km/h
39°N 12°W,22 km/h
38°N 12°W,23 km/h
38°N 12°W,23 km/h
37°N 12°W,21 km/h
60°N 12°W,19 km/h
60°N 12°W,16 km/h
59°N 12°W,15 km/h
59°N 12°W,15 km/h
59°N 12°W,12 km/h
58°N 12°W,13 km/h
58°N 12°W,19 km/h
58°N 12°W,17 km/h
57°N 12°W,26 km/h
57°N 12°W,35 km/h
56°N 12°W,33 km/h
56°N 12°W,31 km/h
56°N 12°W,30 km/h
55°N 12°W,30 km/h
55°N 12°W,31 km/h
54°N 12°W,32 km/h
54°N 12°W,30 km/h
54°N 12°W,32 km/h
53°N 12°W,33 km/h
53°N 12°W,32 km/h
52°N 12°W,33 km/h
52°N 12°W,34 km/h
52°N 12°W,31 km/h
51°N 12°W,25 km/h
51°N 12°W,25 km/h
50°N 12°W,25 km/h
50°N 12°W,24 km/h
49°N 12°W,23 km/h
49°N 12°W,24 km/h
48°N 12°W,28 km/h
48°N 12°W,29 km/h
47°N 12°W,28 km/h
47°N 12°W,25 km/h
46°N 12°W,21 km/h
46°N 12°W,18 km/h
45°N 12°W,14 km/h
45°N 12°W,5 km/h
44°N 12°W,1 km/h
44°N 12°W,9 km/h
43°N 12°W,15 km/h
43°N 12°W,16 km/h
42°N 12°W,15 km/h
42°N 12°W,17 km/h
41°N 12°W,22 km/h
41°N 12°W,24 km/h
40°N 12°W,24 km/h
40°N 12°W,24 km/h
39°N 12°W,23 km/h
39°N 12°W,25 km/h
38°N 12°W,25 km/h
38°N 12°W,25 km/h
37°N 12°W,19 km/h
60°N 11°W,16 km/h
60°N 11°W,13 km/h
59°N 11°W,13 km/h
59°N 11°W,10 km/h
59°N 11°W,16 km/h
58°N 11°W,27 km/h
58°N 11°W,35 km/h
58°N 11°W,36 km/h
57°N 11°W,36 km/h
57°N 11°W,32 km/h
56°N 11°W,27 km/h
56°N 11°W,26 km/h
56°N 11°W,27 km/h
55°N 11°W,28 km/h
55°N 11°W,29 km/h
54°N 11°W,33 km/h
54°N 11°W,36 km/h
54°N 11°W,34 km/h
53°N 11°W,31 km/h
53°N 11°W,30 km/h
52°N 11°W,31 km/h
52°N 11°W,31 km/h
52°N 11°W,31 km/h
51°N 11°W,30 km/h
51°N 11°W,25 km/h
50°N 11°W,26 km/h
50°N 11°W,29 km/h
49°N 11°W,26 km/h
49°N 11°W,24 km/h
48°N 11°W,25 km/h
48°N 11°W,27 km/h
47°N 11°W,24 km/h
47°N 11°W,20 km/h
46°N 11°W,15 km/h
46°N 11°W,7 km/h
45°N 11°W,4 km/h
45°N 11°W,4 km/h
44°N 11°W,8 km/h
44°N 11°W,13 km/h
43°N 11°W,16 km/h
43°N 11°W,19 km/h
42°N 11°W,19 km/h
42°N 11°W,21 km/h
41°N 11°W,23 km/h
41°N 11°W,23 km/h
40°N 11°W,25 km/h
40°N 11°W,27 km/h
39°N 11°W,26 km/h
39°N 11°W,27 km/h
38°N 11°W,28 km/h
38°N 11°W,27 km/h
37°N 11°W,24 km/h
60°N 10°W,16 km/h
60°N 10°W,13 km/h
59°N 10°W,15 km/h
59°N 10°W,22 km/h
59°N 10°W,37 km/h
58°N 10°W,40 km/h
58°N 10°W,32 km/h
58°N 10°W,30 km/h
57°N 10°W,28 km/h
57°N 10°W,28 km/h
56°N 10°W,29 km/h
56°N 10°W,29 km/h
56°N 10°W,28 km/h
55°N 10°W,26 km/h
55°N 10°W,25 km/h
54°N 10°W,26 km/h
54°N 10°W,22 km/h
54°N 10°W,19 km/h
53°N 10°W,24 km/h
53°N 10°W,29 km/h
52°N 10°W,24 km/h
52°N 10°W,15 km/h
52°N 10°W,16 km/h
51°N 10°W,22 km/h
51°N 10°W,17 km/h
50°N 10°W,15 km/h
50°N 10°W,19 km/h
49°N 10°W,23 km/h
49°N 10°W,21 km/h
48°N 10°W,19 km/h
48°N 10°W,17 km/h
47°N 10°W,12 km/h
47°N 10°W,9 km/h
46°N 10°W,4 km/h
46°N 10°W,0 km/h
45°N 10°W,6 km/h
45°N 10°W,8 km/h
44°N 10°W,12 km/h
44°N 10°W,16 km/h
43°N 10°W,19 km/h
43°N 10°W,19 km/h
42°N 10°W,20 km/h
42°N 10°W,18 km/h
41°N 10°W,18 km/h
41°N 10°W,18 km/h
40°N 10°W,20 km/h
40°N 10°W,24 km/h
39°N 10°W,24 km/h
39°N 10°W,27 km/h
38°N 10°W,28 km/h
38°N 10°W,23 km/h
37°N 10°W,22 km/h
60°N 10°W,16 km/h
60°N 10°W,28 km/h
59°N 10°W,39 km/h
59°N 10°W,39 km/h
59°N 10°W,36 km/h
58°N 10°W,33 km/h
58°N 10°W,32 km/h
58°N 10°W,30 km/h
57°N 10°W,26 km/h
57°N 10°W,24 km/h
56°N 10°W,23 km/h
56°N 10°W,20 km/h
56°N 10°W,19 km/h
55°N 10°W,23 km/h
55°N 10°W,28 km/h
54°N 10°W,26 km/h
54°N 10°W,11 km/h
54°N 10°W,9 km/h
53°N 10°W,17 km/h
53°N 10°W,24 km/h
52°N 10°W,18 km/h
52°N 10°W,8 km/h
52°N 10°W,7 km/h
51°N 10°W,14 km/h
51°N 10°W,13 km/h
50°N 10°W,13 km/h
50°N 10°W,16 km/h
49°N 10°W,16 km/h
49°N 10°W,13 km/h
48°N 10°W,8 km/h
48°N 10°W,6 km/h
47°N 10°W,7 km/h
47°N 10°W,7 km/h
46°N 10°W,5 km/h
46°N 10°W,2 km/h
45°N 10°W,7 km/h
45°N 10°W,10 km/h
44°N 10°W,14 km/h
44°N 10°W,18 km/h
43°N 10°W,15 km/h
43°N 10°W,12 km/h
42°N 10°W,12 km/h
42°N 10°W,4 km/h
41°N 10°W,10 km/h
41°N 10°W,14 km/h
40°N 10°W,19 km/h
40°N 10°W,25 km/h
39°N 10°W,24 km/h
39°N 10°W,22 km/h
38°N 10°W,28 km/h
38°N 10°W,22 km/h
37°N 10°W,22 km/h
60°N 9°W,38 km/h
60°N 9°W,47 km/h
59°N 9°W,44 km/h
59°N 9°W,39 km/h
59°N 9°W,37 km/h
58°N 9°W,36 km/h
58°N 9°W,32 km/h
58°N 9°W,29 km/h
57°N 9°W,28 km/h
57°N 9°W,26 km/h
56°N 9°W,23 km/h
56°N 9°W,20 km/h
56°N 9°W,21 km/h
55°N 9°W,28 km/h
55°N 9°W,31 km/h
54°N 9°W,28 km/h
54°N 9°W,16 km/h
54°N 9°W,11 km/h
53°N 9°W,11 km/h
53°N 9°W,10 km/h
52°N 9°W,10 km/h
52°N 9°W,9 km/h
52°N 9°W,10 km/h
51°N 9°W,12 km/h
51°N 9°W,11 km/h
50°N 9°W,10 km/h
50°N 9°W,12 km/h
49°N 9°W,11 km/h
49°N 9°W,9 km/h
48°N 9°W,7 km/h
48°N 9°W,6 km/h
47°N 9°W,9 km/h
47°N 9°W,8 km/h
46°N 9°W,4 km/h
46°N 9°W,3 km/h
45°N 9°W,7 km/h
45°N 9°W,12 km/h
44°N 9°W,19 km/h
44°N 9°W,19 km/h
43°N 9°W,8 km/h
43°N 9°W,3 km/h
42°N 9°W,8 km/h
42°N 9°W,10 km/h
41°N 9°W,11 km/h
41°N 9°W,11 km/h
40°N 9°W,11 km/h
40°N 9°W,7 km/h
39°N 9°W,3 km/h
39°N 9°W,0 km/h
38°N 9°W,14 km/h
38°N 9°W,13 km/h
37°N 9°W,18 km/h
60°N 8°W,47 km/h
60°N 8°W,41 km/h
59°N 8°W,36 km/h
59°N 8°W,33 km/h
59°N 8°W,30 km/h
58°N 8°W,31 km/h
58°N 8°W,34 km/h
58°N 8°W,33 km/h
57°N 8°W,32 km/h
57°N 8°W,29 km/h
56°N 8°W,26 km/h
56°N 8°W,27 km/h
56°N 8°W,26 km/h
55°N 8°W,19 km/h
55°N 8°W,13 km/h
54°N 8°W,15 km/h
54°N 8°W,11 km/h
54°N 8°W,13 km/h
53°N 8°W,11 km/h
53°N 8°W,6 km/h
52°N 8°W,7 km/h
52°N 8°W,13 km/h
52°N 8°W,12 km/h
51°N 8°W,9 km/h
51°N 8°W,8 km/h
50°N 8°W,12 km/h
50°N 8°W,11 km/h
49°N 8°W,12 km/h
49°N 8°W,16 km/h
48°N 8°W,15 km/h
48°N 8°W,15 km/h
47°N 8°W,15 km/h
47°N 8°W,6 km/h
46°N 8°W,2 km/h
46°N 8°W,6 km/h
45°N 8°W,9 km/h
45°N 8°W,13 km/h
44°N 8°W,19 km/h
44°N 8°W,15 km/h
43°N 8°W,5 km/h
43°N 8°W,4 km/h
42°N 8°W,8 km/h
42°N 8°W,6 km/h
41°N 8°W,5 km/h
41°N 8°W,5 km/h
40°N 8°W,5 km/h
40°N 8°W,3 km/h
39°N 8°W,2 km/h
39°N 8°W,7 km/h
38°N 8°W,7 km/h
38°N 8°W,4 km/h
37°N 8°W,11 km/h
60°N 7°W,39 km/h
60°N 7°W,36 km/h
59°N 7°W,35 km/h
59°N 7°W,36 km/h
59°N 7°W,36 km/h
58°N 7°W,35 km/h
58°N 7°W,33 km/h
58°N 7°W,29 km/h
57°N 7°W,28 km/h
57°N 7°W,28 km/h
56°N 7°W,28 km/h
56°N 7°W,32 km/h
56°N 7°W,30 km/h
55°N 7°W,17 km/h
55°N 7°W,8 km/h
54°N 7°W,8 km/h
54°N 7°W,8 km/h
54°N 7°W,10 km/h
53°N 7°W,11 km/h
53°N 7°W,9 km/h
52°N 7°W,7 km/h
52°N 7°W,8 km/h
52°N 7°W,10 km/h
51°N 7°W,8 km/h
51°N 7°W,10 km/h
50°N 7°W,12 km/h
50°N 7°W,12 km/h
49°N 7°W,17 km/h
49°N 7°W,22 km/h
48°N 7°W,20 km/h
48°N 7°W,19 km/h
47°N 7°W,15 km/h
47°N 7°W,9 km/h
46°N 7°W,6 km/h
46°N 7°W,9 km/h
45°N 7°W,12 km/h
45°N 7°W,11 km/h
44°N 7°W,15 km/h
44°N 7°W,9 km/h
43°N 7°W,2 km/h
43°N 7°W,3 km/h
42°N 7°W,4 km/h
42°N 7°W,3 km/h
41°N 7°W,3 km/h
41°N 7°W,2 km/h
40°N 7°W,3 km/h
40°N 7°W,4 km/h
39°N 7°W,2 km/h
39°N 7°W,5 km/h
38°N 7°W,4 km/h
38°N 7°W,4 km/h
37°N 7°W,20 km/h
60°N 7°W,40 km/h
60°N 7°W,38 km/h
59°N 7°W,36 km/h
59°N 7°W,34 km/h
59°N 7°W,30 km/h
58°N 7°W,23 km/h
58°N 7°W,18 km/h
58°N 7°W,20 km/h
57°N 7°W,29 km/h
57°N 7°W,33 km/h
56°N 7°W,30 km/h
56°N 7°W,29 km/h
56°N 7°W,25 km/h
55°N 7°W,13 km/h
55°N 7°W,6 km/h
54°N 7°W,8 km/h
54°N 7°W,6 km/h
54°N 7°W,3 km/h
53°N 7°W,5 km/h
53°N 7°W,8 km/h
52°N 7°W,8 km/h
52°N 7°W,8 km/h
52°N 7°W,10 km/h
51°N 7°W,11 km/h
51°N 7°W,12 km/h
50°N 7°W,11 km/h
50°N 7°W,15 km/h
49°N 7°W,21 km/h
49°N 7°W,23 km/h
48°N 7°W,22 km/h
48°N 7°W,19 km/h
47°N 7°W,15 km/h
47°N 7°W,14 km/h
46°N 7°W,14 km/h
46°N 7°W,14 km/h
45°N 7°W,12 km/h
45°N 7°W,7 km/h
44°N 7°W,12 km/h
44°N 7°W,9 km/h
43°N 7°W,4 km/h
43°N 7°W,5 km/h
42°N 7°W,2 km/h
42°N 7°W,5 km/h
41°N 7°W,5 km/h
41°N 7°W,4 km/h
40°N 7°W,4 km/h
40°N 7°W,3 km/h
39°N 7°W,1 km/h
39°N 7°W,2 km/h
38°N 7°W,7 km/h
38°N 7°W,8 km/h
37°N 7°W,20 km/h
60°N 6°W,34 km/h
60°N 6°W,34 km/h
59°N 6°W,35 km/h
59°N 6°W,34 km/h
59°N 6°W,31 km/h
58°N 6°W,27 km/h
58°N 6°W,25 km/h
58°N 6°W,23 km/h
57°N 6°W,22 km/h
57°N 6°W,21 km/h
56°N 6°W,22 km/h
56°N 6°W,24 km/h
56°N 6°W,29 km/h
55°N 6°W,20 km/h
55°N 6°W,4 km/h
54°N 6°W,4 km/h
54°N 6°W,14 km/h
54°N 6°W,13 km/h
53°N 6°W,12 km/h
53°N 6°W,17 km/h
52°N 6°W,20 km/h
52°N 6°W,16 km/h
52°N 6°W,14 km/h
51°N 6°W,18 km/h
51°N 6°W,25 km/h
50°N 6°W,21 km/h
50°N 6°W,24 km/h
49°N 6°W,30 km/h
49°N 6°W,27 km/h
48°N 6°W,23 km/h
48°N 6°W,22 km/h
47°N 6°W,17 km/h
47°N 6°W,14 km/h
46°N 6°W,15 km/h
46°N 6°W,13 km/h
45°N 6°W,8 km/h
45°N 6°W,2 km/h
44°N 6°W,3 km/h
44°N 6°W,3 km/h
43°N 6°W,3 km/h
43°N 6°W,3 km/h
42°N 6°W,3 km/h
42°N 6°W,4 km/h
41°N 6°W,2 km/h
41°N 6°W,4 km/h
40°N 6°W,5 km/h
40°N 6°W,3 km/h
39°N 6°W,2 km/h
39°N 6°W,1 km/h
38°N 6°W,7 km/h
38°N 6°W,3 km/h
37°N 6°W,7 km/h
60°N 5°W,34 km/h
60°N 5°W,35 km/h
59°N 5°W,36 km/h
59°N 5°W,34 km/h
59°N 5°W,30 km/h
58°N 5°W,18 km/h
58°N 5°W,6 km/h
58°N 5°W,1 km/h
57°N 5°W,3 km/h
57°N 5°W,9 km/h
56°N 5°W,12 km/h
56°N 5°W,11 km/h
56°N 5°W,16 km/h
55°N 5°W,23 km/h
55°N 5°W,33 km/h
54°N 5°W,38 km/h
54°N 5°W,30 km/h
54°N 5°W,27 km/h
53°N 5°W,26 km/h
53°N 5°W,26 km/h
52°N 5°W,25 km/h
52°N 5°W,21 km/h
52°N 5°W,15 km/h
51°N 5°W,18 km/h
51°N 5°W,20 km/h
50°N 5°W,26 km/h
50°N 5°W,34 km/h
49°N 5°W,33 km/h
49°N 5°W,26 km/h
48°N 5°W,23 km/h
48°N 5°W,25 km/h
47°N 5°W,26 km/h
47°N 5°W,20 km/h
46°N 5°W,19 km/h
46°N 5°W,15 km/h
45°N 5°W,12 km/h
45°N 5°W,5 km/h
44°N 5°W,3 km/h
44°N 5°W,3 km/h
43°N 5°W,1 km/h
43°N 5°W,4 km/h
42°N 5°W,7 km/h
42°N 5°W,3 km/h
41°N 5°W,2 km/h
41°N 5°W,2 km/h
40°N 5°W,3 km/h
40°N 5°W,2 km/h
39°N 5°W,3 km/h
39°N 5°W,2 km/h
38°N 5°W,13 km/h
38°N 5°W,3 km/h
37°N 5°W,5 km/h
60°N 5°W,32 km/h
60°N 5°W,33 km/h
59°N 5°W,32 km/h
59°N 5°W,24 km/h
59°N 5°W,9 km/h
58°N 5°W,3 km/h
58°N 5°W,8 km/h
58°N 5°W,3 km/h
57°N 5°W,4 km/h
57°N 5°W,9 km/h
56°N 5°W,9 km/h
56°N 5°W,6 km/h
56°N 5°W,7 km/h
55°N 5°W,14 km/h
55°N 5°W,21 km/h
54°N 5°W,25 km/h
54°N 5°W,29 km/h
54°N 5°W,27 km/h
53°N 5°W,26 km/h
53°N 5°W,27 km/h
52°N 5°W,23 km/h
52°N 5°W,17 km/h
52°N 5°W,20 km/h
51°N 5°W,20 km/h
51°N 5°W,9 km/h
50°N 5°W,16 km/h
50°N 5°W,26 km/h
49°N 5°W,25 km/h
49°N 5°W,16 km/h
48°N 5°W,10 km/h
48°N 5°W,20 km/h
47°N 5°W,26 km/h
47°N 5°W,19 km/h
46°N 5°W,19 km/h
46°N 5°W,15 km/h
45°N 5°W,15 km/h
45°N 5°W,9 km/h
44°N 5°W,6 km/h
44°N 5°W,5 km/h
43°N 5°W,2 km/h
43°N 5°W,4 km/h
42°N 5°W,9 km/h
42°N 5°W,8 km/h
41°N 5°W,1 km/h
41°N 5°W,3 km/h
40°N 5°W,3 km/h
40°N 5°W,2 km/h
39°N 5°W,6 km/h
39°N 5°W,3 km/h
38°N 5°W,9 km/h
38°N 5°W,5 km/h
37°N 5°W,14 km/h
60°N 4°W,33 km/h
60°N 4°W,27 km/h
59°N 4°W,18 km/h
59°N 4°W,12 km/h
59°N 4°W,11 km/h
58°N 4°W,8 km/h
58°N 4°W,2 km/h
58°N 4°W,5 km/h
57°N 4°W,12 km/h
57°N 4°W,9 km/h
56°N 4°W,1 km/h
56°N 4°W,4 km/h
56°N 4°W,5 km/h
55°N 4°W,4 km/h
55°N 4°W,12 km/h
54°N 4°W,29 km/h
54°N 4°W,35 km/h
54°N 4°W,26 km/h
53°N 4°W,15 km/h
53°N 4°W,12 km/h
52°N 4°W,12 km/h
52°N 4°W,15 km/h
52°N 4°W,20 km/h
51°N 4°W,17 km/h
51°N 4°W,5 km/h
50°N 4°W,14 km/h
50°N 4°W,21 km/h
49°N 4°W,20 km/h
49°N 4°W,13 km/h
48°N 4°W,3 km/h
48°N 4°W,12 km/h
47°N 4°W,23 km/h
47°N 4°W,18 km/h
46°N 4°W,17 km/h
46°N 4°W,18 km/h
45°N 4°W,12 km/h
45°N 4°W,6 km/h
44°N 4°W,9 km/h
44°N 4°W,9 km/h
43°N 4°W,5 km/h
43°N 4°W,6 km/h
42°N 4°W,6 km/h
42°N 4°W,4 km/h
41°N 4°W,8 km/h
41°N 4°W,6 km/h
40°N 4°W,4 km/h
40°N 4°W,5 km/h
39°N 4°W,7 km/h
39°N 4°W,6 km/h
38°N 4°W,6 km/h
38°N 4°W,3 km/h
37°N 4°W,20 km/h
60°N 3°W,26 km/h
60°N 3°W,18 km/h
59°N 3°W,9 km/h
59°N 3°W,6 km/h
59°N 3°W,7 km/h
58°N 3°W,12 km/h
58°N 3°W,13 km/h
58°N 3°W,6 km/h
57°N 3°W,5 km/h
57°N 3°W,7 km/h
56°N 3°W,6 km/h
56°N 3°W,8 km/h
56°N 3°W,7 km/h
55°N 3°W,3 km/h
55°N 3°W,5 km/h
54°N 3°W,14 km/h
54°N 3°W,26 km/h
54°N 3°W,19 km/h
53°N 3°W,11 km/h
53°N 3°W,10 km/h
52°N 3°W,10 km/h
52°N 3°W,10 km/h
52°N 3°W,8 km/h
51°N 3°W,9 km/h
51°N 3°W,8 km/h
50°N 3°W,15 km/h
50°N 3°W,19 km/h
49°N 3°W,18 km/h
49°N 3°W,10 km/h
48°N 3°W,2 km/h
48°N 3°W,9 km/h
47°N 3°W,21 km/h
47°N 3°W,21 km/h
46°N 3°W,22 km/h
46°N 3°W,22 km/h
45°N 3°W,20 km/h
45°N 3°W,13 km/h
44°N 3°W,10 km/h
44°N 3°W,4 km/h
43°N 3°W,3 km/h
43°N 3°W,2 km/h
42°N 3°W,5 km/h
42°N 3°W,11 km/h
41°N 3°W,1 km/h
41°N 3°W,5 km/h
40°N 3°W,9 km/h
40°N 3°W,9 km/h
39°N 3°W,8 km/h
39°N 3°W,12 km/h
38°N 3°W,4 km/h
38°N 3°W,2 km/h
37°N 3°W,19 km/h
60°N 3°W,22 km/h
60°N 3°W,18 km/h
59°N 3°W,16 km/h
59°N 3°W,17 km/h
59°N 3°W,22 km/h
58°N 3°W,27 km/h
58°N 3°W,25 km/h
58°N 3°W,13 km/h
57°N 3°W,8 km/h
57°N 3°W,12 km/h
56°N 3°W,12 km/h
56°N 3°W,9 km/h
56°N 3°W,9 km/h
55°N 3°W,9 km/h
55°N 3°W,8 km/h
54°N 3°W,12 km/h
54°N 3°W,15 km/h
54°N 3°W,12 km/h
53°N 3°W,11 km/h
53°N 3°W,12 km/h
52°N 3°W,11 km/h
52°N 3°W,11 km/h
52°N 3°W,11 km/h
51°N 3°W,8 km/h
51°N 3°W,17 km/h
50°N 3°W,17 km/h
50°N 3°W,17 km/h
49°N 3°W,19 km/h
49°N 3°W,12 km/h
48°N 3°W,3 km/h
48°N 3°W,7 km/h
47°N 3°W,17 km/h
47°N 3°W,20 km/h
46°N 3°W,22 km/h
46°N 3°W,17 km/h
45°N 3°W,20 km/h
45°N 3°W,13 km/h
44°N 3°W,6 km/h
44°N 3°W,1 km/h
43°N 3°W,3 km/h
43°N 3°W,3 km/h
42°N 3°W,10 km/h
42°N 3°W,15 km/h
41°N 3°W,11 km/h
41°N 3°W,19 km/h
40°N 3°W,22 km/h
40°N 3°W,23 km/h
39°N 3°W,17 km/h
39°N 3°W,16 km/h
38°N 3°W,19 km/h
38°N 3°W,13 km/h
37°N 3°W,14 km/h
60°N 2°W,18 km/h
60°N 2°W,22 km/h
59°N 2°W,27 km/h
59°N 2°W,31 km/h
59°N 2°W,33 km/h
58°N 2°W,33 km/h
58°N 2°W,33 km/h
58°N 2°W,23 km/h
57°N 2°W,21 km/h
57°N 2°W,27 km/h
56°N 2°W,27 km/h
56°N 2°W,20 km/h
56°N 2°W,13 km/h
55°N 2°W,11 km/h
55°N 2°W,10 km/h
54°N 2°W,8 km/h
54°N 2°W,10 km/h
54°N 2°W,13 km/h
53°N 2°W,16 km/h
53°N 2°W,14 km/h
52°N 2°W,10 km/h
52°N 2°W,13 km/h
52°N 2°W,14 km/h
51°N 2°W,9 km/h
51°N 2°W,11 km/h
50°N 2°W,9 km/h
50°N 2°W,8 km/h
49°N 2°W,11 km/h
49°N 2°W,11 km/h
48°N 2°W,8 km/h
48°N 2°W,8 km/h
47°N 2°W,10 km/h
47°N 2°W,13 km/h
46°N 2°W,15 km/h
46°N 2°W,22 km/h
45°N 2°W,21 km/h
45°N 2°W,16 km/h
44°N 2°W,12 km/h
44°N 2°W,6 km/h
43°N 2°W,2 km/h
43°N 2°W,6 km/h
42°N 2°W,10 km/h
42°N 2°W,15 km/h
41°N 2°W,12 km/h
41°N 2°W,14 km/h
40°N 2°W,14 km/h
40°N 2°W,19 km/h
39°N 2°W,17 km/h
39°N 2°W,15 km/h
38°N 2°W,30 km/h
38°N 2°W,27 km/h
37°N 2°W,38 km/h
60°N 1°W,19 km/h
60°N 1°W,26 km/h
59°N 1°W,31 km/h
59°N 1°W,31 km/h
59°N 1°W,29 km/h
58°N 1°W,29 km/h
58°N 1°W,31 km/h
58°N 1°W,27 km/h
57°N 1°W,25 km/h
57°N 1°W,26 km/h
56°N 1°W,27 km/h
56°N 1°W,22 km/h
56°N 1°W,18 km/h
55°N 1°W,16 km/h
55°N 1°W,12 km/h
54°N 1°W,8 km/h
54°N 1°W,7 km/h
54°N 1°W,12 km/h
53°N 1°W,14 km/h
53°N 1°W,9 km/h
52°N 1°W,6 km/h
52°N 1°W,9 km/h
52°N 1°W,10 km/h
51°N 1°W,7 km/h
51°N 1°W,11 km/h
50°N 1°W,8 km/h
50°N 1°W,6 km/h
49°N 1°W,5 km/h
49°N 1°W,6 km/h
48°N 1°W,10 km/h
48°N 1°W,7 km/h
47°N 1°W,6 km/h
47°N 1°W,10 km/h
46°N 1°W,9 km/h
46°N 1°W,16 km/h
45°N 1°W,15 km/h
45°N 1°W,10 km/h
44°N 1°W,11 km/h
44°N 1°W,4 km/h
43°N 1°W,2 km/h
43°N 1°W,4 km/h
42°N 1°W,7 km/h
42°N 1°W,4 km/h
41°N 1°W,8 km/h
41°N 1°W,22 km/h
40°N 1°W,29 km/h
40°N 1°W,33 km/h
39°N 1°W,21 km/h
39°N 1°W,27 km/h
38°N 1°W,28 km/h
38°N 1°W,35 km/h
37°N 1°W,54 km/h
60°N 0°W,26 km/h
60°N 0°W,32 km/h
59°N 0°W,35 km/h
59°N 0°W,34 km/h
59°N 0°W,30 km/h
58°N 0°W,27 km/h
58°N 0°W,26 km/h
58°N 0°W,28 km/h
57°N 0°W,25 km/h
57°N 0°W,21 km/h
56°N 0°W,22 km/h
56°N 0°W,24 km/h
56°N 0°W,27 km/h
55°N 0°W,30 km/h
55°N 0°W,29 km/h
54°N 0°W,23 km/h
54°N 0°W,15 km/h
54°N 0°W,16 km/h
53°N 0°W,14 km/h
53°N 0°W,10 km/h
52°N 0°W,10 km/h
52°N 0°W,10 km/h
52°N 0°W,4 km/h
51°N 0°W,7 km/h
51°N 0°W,12 km/h
50°N 0°W,15 km/h
50°N 0°W,13 km/h
49°N 0°W,7 km/h
49°N 0°W,4 km/h
48°N 0°W,7 km/h
48°N 0°W,7 km/h
47°N 0°W,5 km/h
47°N 0°W,11 km/h
46°N 0°W,10 km/h
46°N 0°W,7 km/h
45°N 0°W,6 km/h
45°N 0°W,5 km/h
44°N 0°W,8 km/h
44°N 0°W,5 km/h
43°N 0°W,3 km/h
43°N 0°W,11 km/h
42°N 0°W,10 km/h
42°N 0°W,12 km/h
41°N 0°W,9 km/h
41°N 0°W,9 km/h
40°N 0°W,23 km/h
40°N 0°W,25 km/h
39°N 0°W,23 km/h
39°N 0°W,49 km/h
38°N 0°W,56 km/h
38°N 0°W,64 km/h
37°N 0°W,63 km/h
60°N 0°E,28 km/h
60°N 0°E,32 km/h
59°N 0°E,34 km/h
59°N 0°E,31 km/h
59°N 0°E,28 km/h
58°N 0°E,26 km/h
58°N 0°E,26 km/h
58°N 0°E,25 km/h
57°N 0°E,24 km/h
57°N 0°E,24 km/h
56°N 0°E,24 km/h
56°N 0°E,24 km/h
56°N 0°E,24 km/h
55°N 0°E,25 km/h
55°N 0°E,28 km/h
54°N 0°E,29 km/h
54°N 0°E,27 km/h
54°N 0°E,20 km/h
53°N 0°E,13 km/h
53°N 0°E,12 km/h
52°N 0°E,13 km/h
52°N 0°E,8 km/h
52°N 0°E,2 km/h
51°N 0°E,4 km/h
51°N 0°E,11 km/h
50°N 0°E,11 km/h
50°N 0°E,9 km/h
49°N 0°E,8 km/h
49°N 0°E,5 km/h
48°N 0°E,3 km/h
48°N 0°E,5 km/h
47°N 0°E,8 km/h
47°N 0°E,8 km/h
46°N 0°E,8 km/h
46°N 0°E,10 km/h
45°N 0°E,7 km/h
45°N 0°E,4 km/h
44°N 0°E,4 km/h
44°N 0°E,6 km/h
43°N 0°E,3 km/h
43°N 0°E,8 km/h
42°N 0°E,13 km/h
42°N 0°E,12 km/h
41°N 0°E,6 km/h
41°N 0°E,11 km/h
40°N 0°E,35 km/h
40°N 0°E,69 km/h
39°N 0°E,73 km/h
39°N 0°E,67 km/h
38°N 0°E,71 km/h
38°N 0°E,68 km/h
37°N 0°E,56 km/h
60°N 1°E,29 km/h
60°N 1°E,30 km/h
59°N 1°E,30 km/h
59°N 1°E,29 km/h
59°N 1°E,29 km/h
58°N 1°E,26 km/h
58°N 1°E,22 km/h
58°N 1°E,22 km/h
57°N 1°E,22 km/h
57°N 1°E,22 km/h
56°N 1°E,24 km/h
56°N 1°E,25 km/h
56°N 1°E,27 km/h
55°N 1°E,28 km/h
55°N 1°E,27 km/h
54°N 1°E,26 km/h
54°N 1°E,28 km/h
54°N 1°E,30 km/h
53°N 1°E,23 km/h
53°N 1°E,11 km/h
52°N 1°E,5 km/h
52°N 1°E,6 km/h
52°N 1°E,9 km/h
51°N 1°E,10 km/h
51°N 1°E,12 km/h
50°N 1°E,9 km/h
50°N 1°E,6 km/h
49°N 1°E,6 km/h
49°N 1°E,6 km/h
48°N 1°E,6 km/h
48°N 1°E,9 km/h
47°N 1°E,11 km/h
47°N 1°E,9 km/h
46°N 1°E,6 km/h
46°N 1°E,7 km/h
45°N 1°E,10 km/h
45°N 1°E,8 km/h
44°N 1°E,4 km/h
44°N 1°E,7 km/h
43°N 1°E,4 km/h
43°N 1°E,9 km/h
42°N 1°E,14 km/h
42°N 1°E,3 km/h
41°N 1°E,17 km/h
41°N 1°E,47 km/h
40°N 1°E,76 km/h
40°N 1°E,72 km/h
39°N 1°E,70 km/h
39°N 1°E,71 km/h
38°N 1°E,54 km/h
38°N 1°E,53 km/h
37°N 1°E,37 km/h
60°N 2°E,31 km/h
60°N 2°E,29 km/h
59°N 2°E,27 km/h
59°N 2°E,25 km/h
59°N 2°E,24 km/h
58°N 2°E,23 km/h
58°N 2°E,23 km/h
58°N 2°E,24 km/h
57°N 2°E,24 km/h
57°N 2°E,25 km/h
56°N 2°E,26 km/h
56°N 2°E,26 km/h
56°N 2°E,27 km/h
55°N 2°E,29 km/h
55°N 2°E,28 km/h
54°N 2°E,26 km/h
54°N 2°E,27 km/h
54°N 2°E,28 km/h
53°N 2°E,22 km/h
53°N 2°E,15 km/h
52°N 2°E,14 km/h
52°N 2°E,17 km/h
52°N 2°E,16 km/h
51°N 2°E,11 km/h
51°N 2°E,9 km/h
50°N 2°E,8 km/h
50°N 2°E,7 km/h
49°N 2°E,5 km/h
49°N 2°E,4 km/h
48°N 2°E,7 km/h
48°N 2°E,9 km/h
47°N 2°E,10 km/h
47°N 2°E,9 km/h
46°N 2°E,6 km/h
46°N 2°E,4 km/h
45°N 2°E,9 km/h
45°N 2°E,10 km/h
44°N 2°E,2 km/h
44°N 2°E,6 km/h
43°N 2°E,7 km/h
43°N 2°E,7 km/h
42°N 2°E,24 km/h
42°N 2°E,20 km/h
41°N 2°E,31 km/h
41°N 2°E,68 km/h
40°N 2°E,76 km/h
40°N 2°E,74 km/h
39°N 2°E,50 km/h
39°N 2°E,38 km/h
38°N 2°E,41 km/h
38°N 2°E,36 km/h
37°N 2°E,19 km/h
60°N 2°E,32 km/h
60°N 2°E,29 km/h
59°N 2°E,26 km/h
59°N 2°E,25 km/h
59°N 2°E,22 km/h
58°N 2°E,22 km/h
58°N 2°E,24 km/h
58°N 2°E,24 km/h
57°N 2°E,25 km/h
57°N 2°E,24 km/h
56°N 2°E,23 km/h
56°N 2°E,24 km/h
56°N 2°E,27 km/h
55°N 2°E,29 km/h
55°N 2°E,28 km/h
54°N 2°E,26 km/h
54°N 2°E,32 km/h
54°N 2°E,28 km/h
53°N 2°E,23 km/h
53°N 2°E,23 km/h
52°N 2°E,25 km/h
52°N 2°E,26 km/h
52°N 2°E,17 km/h
51°N 2°E,9 km/h
51°N 2°E,5 km/h
50°N 2°E,6 km/h
50°N 2°E,7 km/h
49°N 2°E,5 km/h
49°N 2°E,4 km/h
48°N 2°E,5 km/h
48°N 2°E,7 km/h
47°N 2°E,8 km/h
47°N 2°E,7 km/h
46°N 2°E,8 km/h
46°N 2°E,11 km/h
45°N 2°E,8 km/h
45°N 2°E,11 km/h
44°N 2°E,10 km/h
44°N 2°E,7 km/h
43°N 2°E,5 km/h
43°N 2°E,2 km/h
42°N 2°E,19 km/h
42°N 2°E,33 km/h
41°N 2°E,60 km/h
41°N 2°E,78 km/h
40°N 2°E,77 km/h
40°N 2°E,50 km/h
39°N 2°E,40 km/h
39°N 2°E,48 km/h
38°N 2°E,44 km/h
38°N 2°E,27 km/h
37°N 2°E,16 km/h
60°N 3°E,28 km/h
60°N 3°E,25 km/h
59°N 3°E,22 km/h
59°N 3°E,21 km/h
59°N 3°E,19 km/h
58°N 3°E,19 km/h
58°N 3°E,20 km/h
58°N 3°E,22 km/h
57°N 3°E,20 km/h
57°N 3°E,19 km/h
56°N 3°E,20 km/h
56°N 3°E,19 km/h
56°N 3°E,24 km/h
55°N 3°E,29 km/h
55°N 3°E,28 km/h
54°N 3°E,26 km/h
54°N 3°E,30 km/h
54°N 3°E,30 km/h
53°N 3°E,27 km/h
53°N 3°E,23 km/h
52°N 3°E,21 km/h
52°N 3°E,20 km/h
52°N 3°E,14 km/h
51°N 3°E,7 km/h
51°N 3°E,4 km/h
50°N 3°E,5 km/h
50°N 3°E,6 km/h
49°N 3°E,7 km/h
49°N 3°E,7 km/h
48°N 3°E,6 km/h
48°N 3°E,5 km/h
47°N 3°E,5 km/h
47°N 3°E,4 km/h
46°N 3°E,6 km/h
46°N 3°E,4 km/h
45°N 3°E,4 km/h
45°N 3°E,7 km/h
44°N 3°E,17 km/h
44°N 3°E,7 km/h
43°N 3°E,3 km/h
43°N 3°E,15 km/h
42°N 3°E,17 km/h
42°N 3°E,43 km/h
41°N 3°E,67 km/h
41°N 3°E,69 km/h
40°N 3°E,66 km/h
40°N 3°E,38 km/h
39°N 3°E,42 km/h
39°N 3°E,34 km/h
38°N 3°E,25 km/h
38°N 3°E,11 km/h
37°N 3°E,20 km/h
60°N 4°E,27 km/h
60°N 4°E,23 km/h
59°N 4°E,19 km/h
59°N 4°E,20 km/h
59°N 4°E,17 km/h
58°N 4°E,15 km/h
58°N 4°E,16 km/h
58°N 4°E,19 km/h
57°N 4°E,20 km/h
57°N 4°E,18 km/h
56°N 4°E,18 km/h
56°N 4°E,19 km/h
56°N 4°E,23 km/h
55°N 4°E,27 km/h
55°N 4°E,28 km/h
54°N 4°E,28 km/h
54°N 4°E,27 km/h
54°N 4°E,30 km/h
53°N 4°E,30 km/h
53°N 4°E,24 km/h
52°N 4°E,18 km/h
52°N 4°E,14 km/h
52°N 4°E,10 km/h
51°N 4°E,6 km/h
51°N 4°E,5 km/h
50°N 4°E,8 km/h
50°N 4°E,7 km/h
49°N 4°E,6 km/h
49°N 4°E,7 km/h
48°N 4°E,6 km/h
48°N 4°E,5 km/h
47°N 4°E,6 km/h
47°N 4°E,7 km/h
46°N 4°E,7 km/h
46°N 4°E,6 km/h
45°N 4°E,0 km/h
45°N 4°E,5 km/h
44°N 4°E,6 km/h
44°N 4°E,6 km/h
43°N 4°E,24 km/h
43°N 4°E,38 km/h
42°N 4°E,55 km/h
42°N 4°E,61 km/h
41°N 4°E,64 km/h
41°N 4°E,70 km/h
40°N 4°E,47 km/h
40°N 4°E,45 km/h
39°N 4°E,54 km/h
39°N 4°E,34 km/h
38°N 4°E,15 km/h
38°N 4°E,18 km/h
37°N 4°E,31 km/h
60°N 4°E,20 km/h
60°N 4°E,16 km/h
59°N 4°E,11 km/h
59°N 4°E,13 km/h
59°N 4°E,14 km/h
58°N 4°E,12 km/h
58°N 4°E,12 km/h
58°N 4°E,15 km/h
57°N 4°E,18 km/h
57°N 4°E,17 km/h
56°N 4°E,16 km/h
56°N 4°E,18 km/h
56°N 4°E,22 km/h
55°N 4°E,25 km/h
55°N 4°E,27 km/h
54°N 4°E,29 km/h
54°N 4°E,28 km/h
54°N 4°E,30 km/h
53°N 4°E,28 km/h
53°N 4°E,18 km/h
52°N 4°E,11 km/h
52°N 4°E,8 km/h
52°N 4°E,5 km/h
51°N 4°E,4 km/h
51°N 4°E,7 km/h
50°N 4°E,6 km/h
50°N 4°E,5 km/h
49°N 4°E,8 km/h
49°N 4°E,10 km/h
48°N 4°E,8 km/h
48°N 4°E,7 km/h
47°N 4°E,6 km/h
47°N 4°E,5 km/h
46°N 4°E,3 km/h
46°N 4°E,4 km/h
45°N 4°E,2 km/h
45°N 4°E,8 km/h
44°N 4°E,11 km/h
44°N 4°E,13 km/h
43°N 4°E,27 km/h
43°N 4°E,39 km/h
42°N 4°E,64 km/h
42°N 4°E,64 km/h
41°N 4°E,64 km/h
41°N 4°E,61 km/h
40°N 4°E,45 km/h
40°N 4°E,50 km/h
39°N 4°E,56 km/h
39°N 4°E,43 km/h
38°N 4°E,32 km/h
38°N 4°E,28 km/h
37°N 4°E,17 km/h
60°N 5°E,7 km/h
60°N 5°E,6 km/h
59°N 5°E,4 km/h
59°N 5°E,5 km/h
59°N 5°E,8 km/h
58°N 5°E,11 km/h
58°N 5°E,11 km/h
58°N 5°E,11 km/h
57°N 5°E,12 km/h
57°N 5°E,12 km/h
56°N 5°E,12 km/h
56°N 5°E,15 km/h
56°N 5°E,18 km/h
55°N 5°E,21 km/h
55°N 5°E,25 km/h
54°N 5°E,29 km/h
54°N 5°E,31 km/h
54°N 5°E,31 km/h
53°N 5°E,24 km/h
53°N 5°E,14 km/h
52°N 5°E,9 km/h
52°N 5°E,8 km/h
52°N 5°E,5 km/h
51°N 5°E,5 km/h
51°N 5°E,7 km/h
50°N 5°E,6 km/h
50°N 5°E,5 km/h
49°N 5°E,8 km/h
49°N 5°E,11 km/h
48°N 5°E,7 km/h
48°N 5°E,5 km/h
47°N 5°E,9 km/h
47°N 5°E,8 km/h
46°N 5°E,4 km/h
46°N 5°E,8 km/h
45°N 5°E,11 km/h
45°N 5°E,11 km/h
44°N 5°E,16 km/h
44°N 5°E,5 km/h
43°N 5°E,13 km/h
43°N 5°E,59 km/h
42°N 5°E,68 km/h
42°N 5°E,64 km/h
41°N 5°E,65 km/h
41°N 5°E,48 km/h
40°N 5°E,40 km/h
40°N 5°E,46 km/h
39°N 5°E,40 km/h
39°N 5°E,41 km/h
38°N 5°E,25 km/h
38°N 5°E,20 km/h
37°N 5°E,23 km/h
60°N 6°E,4 km/h
60°N 6°E,4 km/h
59°N 6°E,2 km/h
59°N 6°E,2 km/h
59°N 6°E,2 km/h
58°N 6°E,10 km/h
58°N 6°E,20 km/h
58°N 6°E,15 km/h
57°N 6°E,12 km/h
57°N 6°E,12 km/h
56°N 6°E,12 km/h
56°N 6°E,12 km/h
56°N 6°E,14 km/h
55°N 6°E,18 km/h
55°N 6°E,23 km/h
54°N 6°E,27 km/h
54°N 6°E,30 km/h
54°N 6°E,26 km/h
53°N 6°E,16 km/h
53°N 6°E,9 km/h
52°N 6°E,6 km/h
52°N 6°E,8 km/h
52°N 6°E,9 km/h
51°N 6°E,7 km/h
51°N 6°E,6 km/h
50°N 6°E,6 km/h
50°N 6°E,7 km/h
49°N 6°E,7 km/h
49°N 6°E,6 km/h
48°N 6°E,6 km/h
48°N 6°E,9 km/h
47°N 6°E,9 km/h
47°N 6°E,11 km/h
46°N 6°E,7 km/h
46°N 6°E,8 km/h
45°N 6°E,7 km/h
45°N 6°E,19 km/h
44°N 6°E,13 km/h
44°N 6°E,2 km/h
43°N 6°E,15 km/h
43°N 6°E,60 km/h
42°N 6°E,70 km/h
42°N 6°E,64 km/h
41°N 6°E,67 km/h
41°N 6°E,52 km/h
40°N 6°E,45 km/h
40°N 6°E,43 km/h
39°N 6°E,38 km/h
39°N 6°E,41 km/h
38°N 6°E,40 km/h
38°N 6°E,28 km/h
37°N 6°E,34 km/h
60°N 7°E,7 km/h
60°N 7°E,7 km/h
59°N 7°E,9 km/h
59°N 7°E,9 km/h
59°N 7°E,7 km/h
58°N 7°E,9 km/h
58°N 7°E,15 km/h
58°N 7°E,19 km/h
57°N 7°E,18 km/h
57°N 7°E,14 km/h
56°N 7°E,10 km/h
56°N 7°E,12 km/h
56°N 7°E,11 km/h
55°N 7°E,13 km/h
55°N 7°E,16 km/h
54°N 7°E,19 km/h
54°N 7°E,26 km/h
54°N 7°E,22 km/h
53°N 7°E,13 km/h
53°N 7°E,6 km/h
52°N 7°E,5 km/h
52°N 7°E,6 km/h
52°N 7°E,9 km/h
51°N 7°E,10 km/h
51°N 7°E,10 km/h
50°N 7°E,7 km/h
50°N 7°E,8 km/h
49°N 7°E,7 km/h
49°N 7°E,4 km/h
48°N 7°E,7 km/h
48°N 7°E,11 km/h
47°N 7°E,13 km/h
47°N 7°E,12 km/h
46°N 7°E,9 km/h
46°N 7°E,14 km/h
45°N 7°E,17 km/h
45°N 7°E,8 km/h
44°N 7°E,20 km/h
44°N 7°E,19 km/h
43°N 7°E,22 km/h
43°N 7°E,73 km/h
42°N 7°E,67 km/h
42°N 7°E,57 km/h
41°N 7°E,65 km/h
41°N 7°E,50 km/h
40°N 7°E,44 km/h
40°N 7°E,45 km/h
39°N 7°E,41 km/h
39°N 7°E,31 km/h
38°N 7°E,36 km/h
38°N 7°E,41 km/h
37°N 7°E,19 km/h
60°N 7°E,2 km/h
60°N 7°E,6 km/h
59°N 7°E,9 km/h
59°N 7°E,10 km/h
59°N 7°E,6 km/h
58°N 7°E,2 km/h
58°N 7°E,4 km/h
58°N 7°E,17 km/h
57°N 7°E,24 km/h
57°N 7°E,16 km/h
56°N 7°E,8 km/h
56°N 7°E,11 km/h
56°N 7°E,11 km/h
55°N 7°E,12 km/h
55°N 7°E,12 km/h
54°N 7°E,9 km/h
54°N 7°E,16 km/h
54°N 7°E,14 km/h
53°N 7°E,12 km/h
53°N 7°E,10 km/h
52°N 7°E,7 km/h
52°N 7°E,5 km/h
52°N 7°E,4 km/h
51°N 7°E,7 km/h
51°N 7°E,6 km/h
50°N 7°E,6 km/h
50°N 7°E,4 km/h
49°N 7°E,4 km/h
49°N 7°E,4 km/h
48°N 7°E,2 km/h
48°N 7°E,6 km/h
47°N 7°E,6 km/h
47°N 7°E,8 km/h
46°N 7°E,19 km/h
46°N 7°E,21 km/h
45°N 7°E,5 km/h
45°N 7°E,5 km/h
44°N 7°E,8 km/h
44°N 7°E,35 km/h
43°N 7°E,51 km/h
43°N 7°E,77 km/h
42°N 7°E,59 km/h
42°N 7°E,45 km/h
41°N 7°E,73 km/h
41°N 7°E,55 km/h
40°N 7°E,38 km/h
40°N 7°E,39 km/h
39°N 7°E,47 km/h
39°N 7°E,42 km/h
38°N 7°E,37 km/h
38°N 7°E,33 km/h
37°N 7°E,20 km/h
60°N 8°E,6 km/h
60°N 8°E,2 km/h
59°N 8°E,4 km/h
59°N 8°E,4 km/h
66°N 45°E,5 km/h
58°N 8°E,3 km/h
58°N 8°E,5 km/h
58°N 8°E,23 km/h
57°N 8°E,24 km/h
57°N 8°E,13 km/h
56°N 8°E,8 km/h
56°N 8°E,9 km/h
56°N 8°E,8 km/h
55°N 8°E,6 km/h
55°N 8°E,8 km/h
54°N 8°E,13 km/h
54°N 8°E,13 km/h
54°N 8°E,11 km/h
53°N 8°E,12 km/h
53°N 8°E,13 km/h
52°N 8°E,9 km/h
52°N 8°E,7 km/h
52°N 8°E,12 km/h
51°N 8°E,8 km/h
51°N 8°E,9 km/h
50°N 8°E,8 km/h
50°N 8°E,6 km/h
49°N 8°E,5 km/h
49°N 8°E,3 km/h
48°N 8°E,5 km/h
48°N 8°E,11 km/h
47°N 8°E,9 km/h
47°N 8°E,14 km/h
46°N 8°E,18 km/h
46°N 8°E,8 km/h
45°N 8°E,13 km/h
45°N 8°E,6 km/h
44°N 8°E,5 km/h
44°N 8°E,28 km/h
43°N 8°E,65 km/h
43°N 8°E,66 km/h
42°N 8°E,59 km/h
42°N 8°E,32 km/h
41°N 8°E,67 km/h
41°N 8°E,41 km/h
40°N 8°E,32 km/h
40°N 8°E,35 km/h
39°N 8°E,36 km/h
39°N 8°E,40 km/h
38°N 8°E,40 km/h
38°N 8°E,31 km/h
37°N 8°E,20 km/h
60°N 9°E,8 km/h
60°N 9°E,7 km/h
59°N 9°E,3 km/h
59°N 9°E,4 km/h
59°N 9°E,6 km/h
58°N 9°E,10 km/h
58°N 9°E,16 km/h
58°N 9°E,26 km/h
57°N 9°E,20 km/h
57°N 9°E,7 km/h
56°N 9°E,6 km/h
56°N 9°E,8 km/h
56°N 9°E,5 km/h
55°N 9°E,4 km/h
55°N 9°E,5 km/h
54°N 9°E,5 km/h
54°N 9°E,8 km/h
54°N 9°E,8 km/h
53°N 9°E,13 km/h
53°N 9°E,15 km/h
52°N 9°E,10 km/h
52°N 9°E,6 km/h
52°N 9°E,9 km/h
51°N 9°E,6 km/h
51°N 9°E,5 km/h
50°N 9°E,5 km/h
50°N 9°E,6 km/h
49°N 9°E,4 km/h
49°N 9°E,4 km/h
48°N 9°E,4 km/h
48°N 9°E,3 km/h
47°N 9°E,5 km/h
47°N 9°E,3 km/h
46°N 9°E,5 km/h
46°N 9°E,10 km/h
45°N 9°E,3 km/h
45°N 9°E,17 km/h
44°N 9°E,20 km/h
44°N 9°E,52 km/h
43°N 9°E,46 km/h
43°N 9°E,57 km/h
42°N 9°E,28 km/h
42°N 9°E,23 km/h
41°N 9°E,52 km/h
41°N 9°E,25 km/h
40°N 9°E,13 km/h
40°N 9°E,17 km/h
39°N 9°E,22 km/h
39°N 9°E,38 km/h
38°N 9°E,37 km/h
38°N 9°E,37 km/h
37°N 9°E,28 km/h
60°N 9°E,3 km/h
60°N 9°E,4 km/h
59°N 9°E,4 km/h
59°N 9°E,2 km/h
59°N 9°E,4 km/h
58°N 9°E,13 km/h
58°N 9°E,22 km/h
58°N 9°E,24 km/h
57°N 9°E,16 km/h
57°N 9°E,5 km/h
56°N 9°E,2 km/h
56°N 9°E,3 km/h
56°N 9°E,4 km/h
55°N 9°E,4 km/h
55°N 9°E,3 km/h
54°N 9°E,4 km/h
54°N 9°E,4 km/h
54°N 9°E,5 km/h
53°N 9°E,11 km/h
53°N 9°E,14 km/h
52°N 9°E,11 km/h
52°N 9°E,6 km/h
52°N 9°E,6 km/h
51°N 9°E,5 km/h
51°N 9°E,2 km/h
50°N 9°E,6 km/h
50°N 9°E,9 km/h
49°N 9°E,7 km/h
49°N 9°E,8 km/h
48°N 9°E,9 km/h
48°N 9°E,4 km/h
47°N 9°E,7 km/h
47°N 9°E,20 km/h
46°N 9°E,14 km/h
46°N 9°E,7 km/h
45°N 9°E,2 km/h
45°N 9°E,13 km/h
44°N 9°E,19 km/h
44°N 9°E,23 km/h
43°N 9°E,50 km/h
43°N 9°E,37 km/h
42°N 9°E,4 km/h
42°N 9°E,29 km/h
41°N 9°E,55 km/h
41°N 9°E,40 km/h
40°N 9°E,24 km/h
40°N 9°E,11 km/h
39°N 9°E,25 km/h
39°N 9°E,33 km/h
38°N 9°E,40 km/h
38°N 9°E,30 km/h
37°N 9°E,15 km/h
60°N 10°E,6 km/h
60°N 10°E,5 km/h
59°N 10°E,3 km/h
59°N 10°E,8 km/h
59°N 10°E,16 km/h
58°N 10°E,21 km/h
58°N 10°E,21 km/h
58°N 10°E,20 km/h
57°N 10°E,13 km/h
57°N 10°E,7 km/h
56°N 10°E,5 km/h
56°N 10°E,5 km/h
56°N 10°E,3 km/h
55°N 10°E,4 km/h
55°N 10°E,7 km/h
54°N 10°E,6 km/h
54°N 10°E,4 km/h
54°N 10°E,6 km/h
53°N 10°E,10 km/h
53°N 10°E,11 km/h
52°N 10°E,10 km/h
52°N 10°E,6 km/h
52°N 10°E,4 km/h
51°N 10°E,7 km/h
51°N 10°E,8 km/h
50°N 10°E,5 km/h
50°N 10°E,4 km/h
49°N 10°E,5 km/h
49°N 10°E,5 km/h
48°N 10°E,6 km/h
48°N 10°E,7 km/h
47°N 10°E,11 km/h
47°N 10°E,18 km/h
46°N 10°E,11 km/h
46°N 10°E,7 km/h
45°N 10°E,12 km/h
45°N 10°E,2 km/h
44°N 10°E,15 km/h
44°N 10°E,15 km/h
43°N 10°E,42 km/h
43°N 10°E,36 km/h
42°N 10°E,47 km/h
42°N 10°E,54 km/h
41°N 10°E,57 km/h
41°N 10°E,58 km/h
40°N 10°E,56 km/h
40°N 10°E,54 km/h
39°N 10°E,38 km/h
39°N 10°E,33 km/h
38°N 10°E,37 km/h
38°N 10°E,36 km/h
37°N 10°E,22 km/h
60°N 11°E,3 km/h
60°N 11°E,6 km/h
59°N 11°E,12 km/h
59°N 11°E,17 km/h
59°N 11°E,28 km/h
58°N 11°E,30 km/h
58°N 11°E,21 km/h
58°N 11°E,18 km/h
57°N 11°E,16 km/h
57°N 11°E,12 km/h
56°N 11°E,9 km/h
56°N 11°E,7 km/h
56°N 11°E,6 km/h
55°N 11°E,5 km/h
55°N 11°E,5 km/h
54°N 11°E,5 km/h
54°N 11°E,6 km/h
54°N 11°E,8 km/h
53°N 11°E,9 km/h
53°N 11°E,10 km/h
52°N 11°E,9 km/h
52°N 11°E,6 km/h
52°N 11°E,7 km/h
51°N 11°E,7 km/h
51°N 11°E,7 km/h
50°N 11°E,6 km/h
50°N 11°E,6 km/h
49°N 11°E,7 km/h
49°N 11°E,7 km/h
48°N 11°E,8 km/h
48°N 11°E,9 km/h
47°N 11°E,12 km/h
47°N 11°E,11 km/h
46°N 11°E,3 km/h
46°N 11°E,7 km/h
45°N 11°E,6 km/h
45°N 11°E,8 km/h
44°N 11°E,6 km/h
44°N 11°E,19 km/h
43°N 11°E,8 km/h
43°N 11°E,21 km/h
42°N 11°E,44 km/h
42°N 11°E,44 km/h
41°N 11°E,54 km/h
41°N 11°E,63 km/h
40°N 11°E,56 km/h
40°N 11°E,52 km/h
39°N 11°E,53 km/h
39°N 11°E,42 km/h
38°N 11°E,34 km/h
38°N 11°E,32 km/h
37°N 11°E,25 km/h
60°N 12°E,3 km/h
60°N 12°E,5 km/h
59°N 12°E,6 km/h
59°N 12°E,7 km/h
59°N 12°E,6 km/h
58°N 12°E,12 km/h
58°N 12°E,24 km/h
58°N 12°E,22 km/h
57°N 12°E,19 km/h
57°N 12°E,15 km/h
56°N 12°E,10 km/h
56°N 12°E,10 km/h
56°N 12°E,10 km/h
55°N 12°E,6 km/h
55°N 12°E,3 km/h
54°N 12°E,3 km/h
54°N 12°E,9 km/h
54°N 12°E,11 km/h
53°N 12°E,8 km/h
53°N 12°E,6 km/h
52°N 12°E,7 km/h
52°N 12°E,5 km/h
52°N 12°E,6 km/h
51°N 12°E,7 km/h
51°N 12°E,7 km/h
50°N 12°E,6 km/h
50°N 12°E,8 km/h
49°N 12°E,8 km/h
49°N 12°E,5 km/h
48°N 12°E,1 km/h
48°N 12°E,3 km/h
47°N 12°E,13 km/h
47°N 12°E,16 km/h
46°N 12°E,7 km/h
46°N 12°E,9 km/h
45°N 12°E,4 km/h
45°N 12°E,7 km/h
44°N 12°E,9 km/h
44°N 12°E,22 km/h
43°N 12°E,13 km/h
43°N 12°E,23 km/h
42°N 12°E,22 km/h
42°N 12°E,40 km/h
41°N 12°E,44 km/h
41°N 12°E,62 km/h
40°N 12°E,56 km/h
40°N 12°E,49 km/h
39°N 12°E,53 km/h
39°N 12°E,63 km/h
38°N 12°E,49 km/h
38°N 12°E,45 km/h
37°N 12°E,28 km/h
60°N 12°E,8 km/h
60°N 12°E,5 km/h
59°N 12°E,1 km/h
59°N 12°E,1 km/h
59°N 12°E,8 km/h
58°N 12°E,12 km/h
58°N 12°E,7 km/h
58°N 12°E,6 km/h
57°N 12°E,8 km/h
57°N 12°E,12 km/h
56°N 12°E,13 km/h
56°N 12°E,11 km/h
56°N 12°E,7 km/h
55°N 12°E,6 km/h
55°N 12°E,6 km/h
54°N 12°E,5 km/h
54°N 12°E,6 km/h
54°N 12°E,7 km/h
53°N 12°E,7 km/h
53°N 12°E,9 km/h
52°N 12°E,11 km/h
52°N 12°E,9 km/h
52°N 12°E,4 km/h
51°N 12°E,7 km/h
51°N 12°E,7 km/h
50°N 12°E,9 km/h
50°N 12°E,7 km/h
49°N 12°E,7 km/h
49°N 12°E,7 km/h
48°N 12°E,2 km/h
48°N 12°E,1 km/h
47°N 12°E,6 km/h
47°N 12°E,11 km/h
46°N 12°E,2 km/h
46°N 12°E,8 km/h
45°N 12°E,11 km/h
45°N 12°E,10 km/h
44°N 12°E,7 km/h
44°N 12°E,6 km/h
43°N 12°E,21 km/h
43°N 12°E,11 km/h
42°N 12°E,17 km/h
42°N 12°E,18 km/h
41°N 12°E,35 km/h
41°N 12°E,65 km/h
40°N 12°E,53 km/h
40°N 12°E,47 km/h
39°N 12°E,41 km/h
39°N 12°E,47 km/h
38°N 12°E,48 km/h
38°N 12°E,60 km/h
37°N 12°E,51 km/h
60°N 13°E,1 km/h
60°N 13°E,2 km/h
59°N 13°E,5 km/h
59°N 13°E,11 km/h
59°N 13°E,16 km/h
58°N 13°E,13 km/h
58°N 13°E,6 km/h
58°N 13°E,5 km/h
57°N 13°E,4 km/h
57°N 13°E,6 km/h
56°N 13°E,8 km/h
56°N 13°E,5 km/h
56°N 13°E,5 km/h
55°N 13°E,8 km/h
55°N 13°E,9 km/h
54°N 13°E,8 km/h
54°N 13°E,8 km/h
54°N 13°E,8 km/h
53°N 13°E,6 km/h
53°N 13°E,6 km/h
52°N 13°E,7 km/h
52°N 13°E,8 km/h
52°N 13°E,9 km/h
51°N 13°E,11 km/h
51°N 13°E,12 km/h
50°N 13°E,8 km/h
50°N 13°E,6 km/h
49°N 13°E,7 km/h
49°N 13°E,6 km/h
48°N 13°E,4 km/h
48°N 13°E,7 km/h
47°N 13°E,11 km/h
47°N 13°E,9 km/h
46°N 13°E,10 km/h
46°N 13°E,10 km/h
45°N 13°E,25 km/h
45°N 13°E,14 km/h
44°N 13°E,11 km/h
44°N 13°E,6 km/h
43°N 13°E,6 km/h
43°N 13°E,10 km/h
42°N 13°E,21 km/h
42°N 13°E,19 km/h
41°N 13°E,31 km/h
41°N 13°E,57 km/h
40°N 13°E,53 km/h
40°N 13°E,52 km/h
39°N 13°E,42 km/h
39°N 13°E,33 km/h
38°N 13°E,32 km/h
38°N 13°E,47 km/h
37°N 13°E,48 km/h
60°N 14°E,8 km/h
60°N 14°E,4 km/h
59°N 14°E,6 km/h
59°N 14°E,20 km/h
59°N 14°E,15 km/h
58°N 14°E,4 km/h
58°N 14°E,5 km/h
58°N 14°E,3 km/h
57°N 14°E,2 km/h
57°N 14°E,2 km/h
56°N 14°E,2 km/h
56°N 14°E,1 km/h
56°N 14°E,3 km/h
55°N 14°E,8 km/h
55°N 14°E,12 km/h
54°N 14°E,11 km/h
54°N 14°E,10 km/h
54°N 14°E,7 km/h
53°N 14°E,6 km/h
53°N 14°E,6 km/h
52°N 14°E,8 km/h
52°N 14°E,11 km/h
52°N 14°E,12 km/h
51°N 14°E,9 km/h
51°N 14°E,3 km/h
50°N 14°E,6 km/h
50°N 14°E,8 km/h
49°N 14°E,7 km/h
49°N 14°E,7 km/h
48°N 14°E,5 km/h
48°N 14°E,6 km/h
47°N 14°E,9 km/h
47°N 14°E,6 km/h
46°N 14°E,5 km/h
46°N 14°E,7 km/h
45°N 14°E,15 km/h
45°N 14°E,7 km/h
44°N 14°E,25 km/h
44°N 14°E,14 km/h
43°N 14°E,6 km/h
43°N 14°E,3 km/h
42°N 14°E,7 km/h
42°N 14°E,16 km/h
41°N 14°E,18 km/h
41°N 14°E,46 km/h
40°N 14°E,46 km/h
40°N 14°E,48 km/h
39°N 14°E,52 km/h
39°N 14°E,32 km/h
38°N 14°E,35 km/h
38°N 14°E,32 km/h
37°N 14°E,57 km/h
60°N 14°E,4 km/h
60°N 14°E,2 km/h
59°N 14°E,5 km/h
59°N 14°E,11 km/h
59°N 14°E,7 km/h
58°N 14°E,3 km/h
58°N 14°E,6 km/h
58°N 14°E,5 km/h
57°N 14°E,3 km/h
57°N 14°E,3 km/h
56°N 14°E,4 km/h
56°N 14°E,5 km/h
56°N 14°E,10 km/h
55°N 14°E,15 km/h
55°N 14°E,15 km/h
54°N 14°E,14 km/h
54°N 14°E,12 km/h
54°N 14°E,11 km/h
53°N 14°E,7 km/h
53°N 14°E,4 km/h
52°N 14°E,6 km/h
52°N 14°E,9 km/h
52°N 14°E,10 km/h
51°N 14°E,10 km/h
51°N 14°E,5 km/h
50°N 14°E,5 km/h
50°N 14°E,7 km/h
49°N 14°E,8 km/h
49°N 14°E,8 km/h
48°N 14°E,7 km/h
48°N 14°E,7 km/h
47°N 14°E,9 km/h
47°N 14°E,4 km/h
46°N 14°E,4 km/h
46°N 14°E,9 km/h
45°N 14°E,19 km/h
45°N 14°E,7 km/h
44°N 14°E,23 km/h
44°N 14°E,18 km/h
43°N 14°E,15 km/h
43°N 14°E,8 km/h
42°N 14°E,6 km/h
42°N 14°E,11 km/h
41°N 14°E,23 km/h
41°N 14°E,28 km/h
40°N 14°E,29 km/h
40°N 14°E,42 km/h
39°N 14°E,51 km/h
39°N 14°E,49 km/h
38°N 14°E,39 km/h
38°N 14°E,26 km/h
37°N 14°E,36 km/h
60°N 15°E,7 km/h
60°N 15°E,6 km/h
59°N 15°E,2 km/h
59°N 15°E,3 km/h
59°N 15°E,5 km/h
58°N 15°E,7 km/h
58°N 15°E,6 km/h
58°N 15°E,6 km/h
57°N 15°E,4 km/h
57°N 15°E,3 km/h
56°N 15°E,7 km/h
56°N 15°E,13 km/h
56°N 15°E,20 km/h
55°N 15°E,23 km/h
55°N 15°E,21 km/h
54°N 15°E,15 km/h
54°N 15°E,11 km/h
54°N 15°E,9 km/h
53°N 15°E,5 km/h
53°N 15°E,2 km/h
52°N 15°E,6 km/h
52°N 15°E,8 km/h
52°N 15°E,6 km/h
51°N 15°E,10 km/h
51°N 15°E,7 km/h
50°N 15°E,5 km/h
50°N 15°E,8 km/h
49°N 15°E,10 km/h
49°N 15°E,8 km/h
48°N 15°E,6 km/h
48°N 15°E,8 km/h
47°N 15°E,9 km/h
47°N 15°E,1 km/h
46°N 15°E,5 km/h
46°N 15°E,6 km/h
45°N 15°E,6 km/h
45°N 15°E,26 km/h
44°N 15°E,36 km/h
44°N 15°E,17 km/h
43°N 15°E,28 km/h
43°N 15°E,19 km/h
42°N 15°E,9 km/h
42°N 15°E,6 km/h
41°N 15°E,11 km/h
41°N 15°E,22 km/h
40°N 15°E,25 km/h
40°N 15°E,34 km/h
39°N 15°E,44 km/h
39°N 15°E,44 km/h
38°N 15°E,28 km/h
38°N 15°E,27 km/h
37°N 15°E,31 km/h
60°N 16°E,8 km/h
60°N 16°E,7 km/h
59°N 16°E,4 km/h
59°N 16°E,3 km/h
59°N 16°E,5 km/h
58°N 16°E,5 km/h
58°N 16°E,2 km/h
58°N 16°E,4 km/h
57°N 16°E,3 km/h
57°N 16°E,2 km/h
56°N 16°E,6 km/h
56°N 16°E,14 km/h
56°N 16°E,22 km/h
55°N 16°E,24 km/h
55°N 16°E,22 km/h
54°N 16°E,18 km/h
54°N 16°E,6 km/h
54°N 16°E,4 km/h
53°N 16°E,4 km/h
53°N 16°E,5 km/h
52°N 16°E,8 km/h
52°N 16°E,8 km/h
52°N 16°E,7 km/h
51°N 16°E,5 km/h
51°N 16°E,7 km/h
50°N 16°E,6 km/h
50°N 16°E,8 km/h
49°N 16°E,10 km/h
49°N 16°E,9 km/h
48°N 16°E,8 km/h
48°N 16°E,8 km/h
47°N 16°E,6 km/h
47°N 16°E,4 km/h
46°N 16°E,4 km/h
46°N 16°E,6 km/h
45°N 16°E,3 km/h
45°N 16°E,3 km/h
44°N 16°E,5 km/h
44°N 16°E,21 km/h
43°N 16°E,19 km/h
43°N 16°E,6 km/h
42°N 16°E,18 km/h
42°N 16°E,9 km/h
41°N 16°E,11 km/h
41°N 16°E,10 km/h
40°N 16°E,8 km/h
40°N 16°E,16 km/h
39°N 16°E,39 km/h
39°N 16°E,33 km/h
38°N 16°E,31 km/h
38°N 16°E,42 km/h
37°N 16°E,51 km/h
60°N 16°E,6 km/h
60°N 16°E,7 km/h
59°N 16°E,4 km/h
59°N 16°E,2 km/h
59°N 16°E,3 km/h
58°N 16°E,4 km/h
58°N 16°E,2 km/h
58°N 16°E,4 km/h
57°N 16°E,7 km/h
57°N 16°E,12 km/h
56°N 16°E,17 km/h
56°N 16°E,23 km/h
56°N 16°E,27 km/h
55°N 16°E,24 km/h
55°N 16°E,17 km/h
54°N 16°E,13 km/h
54°N 16°E,7 km/h
54°N 16°E,4 km/h
53°N 16°E,3 km/h
53°N 16°E,4 km/h
52°N 16°E,8 km/h
52°N 16°E,9 km/h
52°N 16°E,9 km/h
51°N 16°E,8 km/h
51°N 16°E,4 km/h
50°N 16°E,7 km/h
50°N 16°E,8 km/h
49°N 16°E,6 km/h
49°N 16°E,7 km/h
48°N 16°E,7 km/h
48°N 16°E,7 km/h
47°N 16°E,7 km/h
47°N 16°E,3 km/h
46°N 16°E,4 km/h
46°N 16°E,1 km/h
45°N 16°E,6 km/h
45°N 16°E,5 km/h
44°N 16°E,9 km/h
44°N 16°E,21 km/h
43°N 16°E,16 km/h
43°N 16°E,15 km/h
42°N 16°E,20 km/h
42°N 16°E,14 km/h
41°N 16°E,14 km/h
41°N 16°E,7 km/h
40°N 16°E,13 km/h
40°N 16°E,12 km/h
39°N 16°E,10 km/h
39°N 16°E,16 km/h
38°N 16°E,22 km/h
38°N 16°E,40 km/h
37°N 16°E,46 km/h
60°N 17°E,7 km/h
60°N 17°E,4 km/h
59°N 17°E,2 km/h
59°N 17°E,2 km/h
59°N 17°E,5 km/h
58°N 17°E,9 km/h
58°N 17°E,12 km/h
58°N 17°E,14 km/h
57°N 17°E,19 km/h
57°N 17°E,27 km/h
56°N 17°E,31 km/h
56°N 17°E,30 km/h
56°N 17°E,31 km/h
55°N 17°E,29 km/h
55°N 17°E,17 km/h
54°N 17°E,5 km/h
54°N 17°E,8 km/h
54°N 17°E,5 km/h
53°N 17°E,2 km/h
53°N 17°E,4 km/h
52°N 17°E,5 km/h
52°N 17°E,4 km/h
52°N 17°E,6 km/h
51°N 17°E,7 km/h
51°N 17°E,7 km/h
50°N 17°E,5 km/h
50°N 17°E,2 km/h
49°N 17°E,2 km/h
49°N 17°E,6 km/h
48°N 17°E,10 km/h
48°N 17°E,9 km/h
47°N 17°E,7 km/h
47°N 17°E,3 km/h
46°N 17°E,6 km/h
46°N 17°E,4 km/h
45°N 17°E,2 km/h
45°N 17°E,2 km/h
44°N 17°E,10 km/h
44°N 17°E,12 km/h
43°N 17°E,13 km/h
43°N 17°E,12 km/h
42°N 17°E,20 km/h
42°N 17°E,15 km/h
41°N 17°E,17 km/h
41°N 17°E,16 km/h
40°N 17°E,25 km/h
40°N 17°E,25 km/h
39°N 17°E,19 km/h
39°N 17°E,20 km/h
38°N 17°E,35 km/h
38°N 17°E,40 km/h
37°N 17°E,42 km/h
60°N 18°E,8 km/h
60°N 18°E,5 km/h
59°N 18°E,3 km/h
59°N 18°E,4 km/h
59°N 18°E,9 km/h
58°N 18°E,14 km/h
58°N 18°E,17 km/h
58°N 18°E,19 km/h
57°N 18°E,24 km/h
57°N 18°E,29 km/h
56°N 18°E,30 km/h
56°N 18°E,25 km/h
56°N 18°E,27 km/h
55°N 18°E,29 km/h
55°N 18°E,21 km/h
54°N 18°E,8 km/h
54°N 18°E,8 km/h
54°N 18°E,3 km/h
53°N 18°E,1 km/h
53°N 18°E,4 km/h
52°N 18°E,6 km/h
52°N 18°E,5 km/h
52°N 18°E,6 km/h
51°N 18°E,8 km/h
51°N 18°E,9 km/h
50°N 18°E,3 km/h
50°N 18°E,0 km/h
49°N 18°E,2 km/h
49°N 18°E,8 km/h
48°N 18°E,10 km/h
48°N 18°E,6 km/h
47°N 18°E,4 km/h
47°N 18°E,3 km/h
46°N 18°E,3 km/h
46°N 18°E,7 km/h
45°N 18°E,4 km/h
45°N 18°E,5 km/h
44°N 18°E,4 km/h
44°N 18°E,6 km/h
43°N 18°E,14 km/h
43°N 18°E,17 km/h
42°N 18°E,19 km/h
42°N 18°E,7 km/h
41°N 18°E,20 km/h
41°N 18°E,11 km/h
40°N 18°E,10 km/h
40°N 18°E,20 km/h
39°N 18°E,28 km/h
39°N 18°E,29 km/h
38°N 18°E,30 km/h
38°N 18°E,36 km/h
37°N 18°E,39 km/h
60°N 19°E,12 km/h
60°N 19°E,9 km/h
59°N 19°E,7 km/h
59°N 19°E,8 km/h
59°N 19°E,14 km/h
58°N 19°E,16 km/h
58°N 19°E,11 km/h
58°N 19°E,12 km/h
57°N 19°E,21 km/h
57°N 19°E,30 km/h
56°N 19°E,30 km/h
56°N 19°E,25 km/h
56°N 19°E,24 km/h
55°N 19°E,22 km/h
55°N 19°E,15 km/h
54°N 19°E,6 km/h
54°N 19°E,5 km/h
54°N 19°E,2 km/h
53°N 19°E,3 km/h
53°N 19°E,5 km/h
52°N 19°E,4 km/h
52°N 19°E,3 km/h
52°N 19°E,6 km/h
51°N 19°E,8 km/h
51°N 19°E,7 km/h
50°N 19°E,6 km/h
50°N 19°E,6 km/h
49°N 19°E,9 km/h
49°N 19°E,12 km/h
48°N 19°E,9 km/h
48°N 19°E,5 km/h
47°N 19°E,7 km/h
47°N 19°E,7 km/h
46°N 19°E,1 km/h
46°N 19°E,2 km/h
45°N 19°E,4 km/h
45°N 19°E,6 km/h
44°N 19°E,4 km/h
44°N 19°E,6 km/h
43°N 19°E,12 km/h
43°N 19°E,17 km/h
42°N 19°E,16 km/h
42°N 19°E,26 km/h
41°N 19°E,30 km/h
41°N 19°E,23 km/h
40°N 19°E,17 km/h
40°N 19°E,15 km/h
39°N 19°E,18 km/h
39°N 19°E,22 km/h
38°N 19°E,23 km/h
38°N 19°E,31 km/h
37°N 19°E,40 km/h
60°N 19°E,24 km/h
60°N 19°E,21 km/h
59°N 19°E,15 km/h
59°N 19°E,13 km/h
59°N 19°E,13 km/h
58°N 19°E,15 km/h
58°N 19°E,17 km/h
58°N 19°E,20 km/h
57°N 19°E,26 km/h
57°N 19°E,31 km/h
56°N 19°E,30 km/h
56°N 19°E,26 km/h
56°N 19°E,23 km/h
55°N 19°E,20 km/h
55°N 19°E,19 km/h
54°N 19°E,17 km/h
54°N 19°E,9 km/h
54°N 19°E,6 km/h
53°N 19°E,6 km/h
53°N 19°E,4 km/h
52°N 19°E,1 km/h
52°N 19°E,1 km/h
52°N 19°E,5 km/h
51°N 19°E,7 km/h
51°N 19°E,3 km/h
50°N 19°E,5 km/h
50°N 19°E,5 km/h
49°N 19°E,4 km/h
49°N 19°E,8 km/h
48°N 19°E,7 km/h
48°N 19°E,5 km/h
47°N 19°E,7 km/h
47°N 19°E,8 km/h
46°N 19°E,1 km/h
46°N 19°E,6 km/h
45°N 19°E,5 km/h
45°N 19°E,6 km/h
44°N 19°E,4 km/h
44°N 19°E,4 km/h
43°N 19°E,6 km/h
43°N 19°E,12 km/h
42°N 19°E,15 km/h
42°N 19°E,19 km/h
41°N 19°E,16 km/h
41°N 19°E,13 km/h
40°N 19°E,10 km/h
40°N 19°E,12 km/h
39°N 19°E,16 km/h
39°N 19°E,15 km/h
38°N 19°E,19 km/h
38°N 19°E,25 km/h
37°N 19°E,34 km/h
60°N 20°E,19 km/h
60°N 20°E,15 km/h
59°N 20°E,16 km/h
59°N 20°E,16 km/h
59°N 20°E,18 km/h
58°N 20°E,20 km/h
58°N 20°E,21 km/h
58°N 20°E,24 km/h
57°N 20°E,29 km/h
57°N 20°E,30 km/h
56°N 20°E,26 km/h
56°N 20°E,21 km/h
56°N 20°E,22 km/h
55°N 20°E,23 km/h
55°N 20°E,17 km/h
54°N 20°E,7 km/h
54°N 20°E,7 km/h
54°N 20°E,5 km/h
53°N 20°E,1 km/h
53°N 20°E,0 km/h
52°N 20°E,2 km/h
52°N 20°E,3 km/h
52°N 20°E,5 km/h
51°N 20°E,3 km/h
51°N 20°E,5 km/h
50°N 20°E,6 km/h
50°N 20°E,5 km/h
49°N 20°E,3 km/h
49°N 20°E,4 km/h
48°N 20°E,8 km/h
48°N 20°E,7 km/h
47°N 20°E,5 km/h
47°N 20°E,4 km/h
46°N 20°E,4 km/h
46°N 20°E,4 km/h
45°N 20°E,4 km/h
45°N 20°E,2 km/h
44°N 20°E,6 km/h
44°N 20°E,2 km/h
43°N 20°E,7 km/h
43°N 20°E,7 km/h
42°N 20°E,10 km/h
42°N 20°E,23 km/h
41°N 20°E,17 km/h
41°N 20°E,4 km/h
40°N 20°E,10 km/h
40°N 20°E,4 km/h
39°N 20°E,22 km/h
39°N 20°E,20 km/h
38°N 20°E,24 km/h
38°N 20°E,19 km/h
37°N 20°E,24 km/h
60°N 21°E,22 km/h
60°N 21°E,22 km/h
59°N 21°E,23 km/h
59°N 21°E,21 km/h
59°N 21°E,22 km/h
58°N 21°E,24 km/h
58°N 21°E,23 km/h
58°N 21°E,24 km/h
57°N 21°E,27 km/h
57°N 21°E,28 km/h
56°N 21°E,25 km/h
56°N 21°E,24 km/h
56°N 21°E,23 km/h
55°N 21°E,19 km/h
55°N 21°E,12 km/h
54°N 21°E,6 km/h
54°N 21°E,4 km/h
54°N 21°E,3 km/h
53°N 21°E,2 km/h
53°N 21°E,1 km/h
52°N 21°E,3 km/h
52°N 21°E,4 km/h
52°N 21°E,3 km/h
51°N 21°E,1 km/h
51°N 21°E,1 km/h
50°N 21°E,3 km/h
50°N 21°E,3 km/h
49°N 21°E,1 km/h
49°N 21°E,2 km/h
48°N 21°E,4 km/h
48°N 21°E,7 km/h
47°N 21°E,8 km/h
47°N 21°E,7 km/h
46°N 21°E,7 km/h
46°N 21°E,4 km/h
45°N 21°E,6 km/h
45°N 21°E,5 km/h
44°N 21°E,4 km/h
44°N 21°E,4 km/h
43°N 21°E,5 km/h
43°N 21°E,2 km/h
42°N 21°E,4 km/h
42°N 21°E,4 km/h
41°N 21°E,11 km/h
41°N 21°E,6 km/h
40°N 21°E,12 km/h
40°N 21°E,11 km/h
39°N 21°E,16 km/h
39°N 21°E,13 km/h
38°N 21°E,23 km/h
38°N 21°E,16 km/h
37°N 21°E,16 km/h
60°N 21°E,25 km/h
60°N 21°E,31 km/h
59°N 21°E,29 km/h
59°N 21°E,20 km/h
59°N 21°E,19 km/h
58°N 21°E,25 km/h
58°N 21°E,26 km/h
58°N 21°E,21 km/h
57°N 21°E,16 km/h
57°N 21°E,13 km/h
56°N 21°E,11 km/h
56°N 21°E,12 km/h
56°N 21°E,11 km/h
55°N 21°E,10 km/h
55°N 21°E,10 km/h
54°N 21°E,8 km/h
54°N 21°E,3 km/h
54°N 21°E,2 km/h
53°N 21°E,1 km/h
53°N 21°E,2 km/h
52°N 21°E,4 km/h
52°N 21°E,5 km/h
52°N 21°E,5 km/h
51°N 21°E,3 km/h
51°N 21°E,2 km/h
50°N 21°E,1 km/h
50°N 21°E,1 km/h
49°N 21°E,2 km/h
49°N 21°E,3 km/h
48°N 21°E,2 km/h
48°N 21°E,4 km/h
47°N 21°E,10 km/h
47°N 21°E,9 km/h
46°N 21°E,6 km/h
46°N 21°E,3 km/h
45°N 21°E,3 km/h
45°N 21°E,5 km/h
44°N 21°E,5 km/h
44°N 21°E,2 km/h
43°N 21°E,2 km/h
43°N 21°E,2 km/h
42°N 21°E,6 km/h
42°N 21°E,1 km/h
41°N 21°E,5 km/h
41°N 21°E,5 km/h
40°N 21°E,5 km/h
40°N 21°E,8 km/h
39°N 21°E,8 km/h
39°N 21°E,12 km/h
38°N 21°E,16 km/h
38°N 21°E,19 km/h
37°N 21°E,14 km/h
60°N 22°E,22 km/h
60°N 22°E,32 km/h
59°N 22°E,30 km/h
59°N 22°E,18 km/h
59°N 22°E,12 km/h
58°N 22°E,13 km/h
58°N 22°E,15 km/h
58°N 22°E,11 km/h
57°N 22°E,7 km/h
57°N 22°E,6 km/h
56°N 22°E,9 km/h
56°N 22°E,10 km/h
56°N 22°E,10 km/h
55°N 22°E,7 km/h
55°N 22°E,3 km/h
54°N 22°E,3 km/h
54°N 22°E,5 km/h
54°N 22°E,3 km/h
53°N 22°E,2 km/h
53°N 22°E,3 km/h
52°N 22°E,4 km/h
52°N 22°E,5 km/h
52°N 22°E,5 km/h
51°N 22°E,5 km/h
51°N 22°E,3 km/h
50°N 22°E,1 km/h
50°N 22°E,0 km/h
49°N 22°E,1 km/h
49°N 22°E,2 km/h
48°N 22°E,2 km/h
48°N 22°E,3 km/h
47°N 22°E,7 km/h
47°N 22°E,7 km/h
46°N 22°E,3 km/h
46°N 22°E,3 km/h
45°N 22°E,5 km/h
45°N 22°E,2 km/h
44°N 22°E,7 km/h
44°N 22°E,6 km/h
43°N 22°E,6 km/h
43°N 22°E,10 km/h
42°N 22°E,5 km/h
42°N 22°E,6 km/h
41°N 22°E,8 km/h
41°N 22°E,6 km/h
40°N 22°E,6 km/h
40°N 22°E,2 km/h
39°N 22°E,1 km/h
39°N 22°E,8 km/h
38°N 22°E,10 km/h
38°N 22°E,9 km/h
37°N 22°E,3 km/h
60°N 23°E,16 km/h
60°N 23°E,25 km/h
59°N 23°E,26 km/h
59°N 23°E,18 km/h
59°N 23°E,7 km/h
58°N 23°E,8 km/h
58°N 23°E,19 km/h
58°N 23°E,15 km/h
57°N 23°E,9 km/h
57°N 23°E,7 km/h
56°N 23°E,9 km/h
56°N 23°E,11 km/h
56°N 23°E,9 km/h
55°N 23°E,6 km/h
55°N 23°E,8 km/h
54°N 23°E,12 km/h
54°N 23°E,6 km/h
54°N 23°E,4 km/h
53°N 23°E,5 km/h
53°N 23°E,6 km/h
52°N 23°E,7 km/h
52°N 23°E,7 km/h
52°N 23°E,8 km/h
51°N 23°E,7 km/h
51°N 23°E,7 km/h
50°N 23°E,3 km/h
50°N 23°E,1 km/h
49°N 23°E,3 km/h
49°N 23°E,4 km/h
48°N 23°E,4 km/h
48°N 23°E,4 km/h
47°N 23°E,6 km/h
47°N 23°E,6 km/h
46°N 23°E,4 km/h
46°N 23°E,8 km/h
45°N 23°E,8 km/h
45°N 23°E,1 km/h
44°N 23°E,6 km/h
44°N 23°E,7 km/h
43°N 23°E,6 km/h
43°N 23°E,2 km/h
42°N 23°E,5 km/h
42°N 23°E,4 km/h
41°N 23°E,7 km/h
41°N 23°E,8 km/h
40°N 23°E,9 km/h
40°N 23°E,5 km/h
39°N 23°E,4 km/h
39°N 23°E,6 km/h
38°N 23°E,6 km/h
38°N 23°E,7 km/h
37°N 23°E,13 km/h
60°N 23°E,11 km/h
60°N 23°E,19 km/h
59°N 23°E,26 km/h
59°N 23°E,22 km/h
59°N 23°E,15 km/h
58°N 23°E,13 km/h
58°N 23°E,17 km/h
58°N 23°E,16 km/h
57°N 23°E,13 km/h
57°N 23°E,13 km/h
56°N 23°E,13 km/h
56°N 23°E,14 km/h
56°N 23°E,11 km/h
55°N 23°E,6 km/h
55°N 23°E,4 km/h
54°N 23°E,7 km/h
54°N 23°E,5 km/h
54°N 23°E,5 km/h
53°N 23°E,7 km/h
53°N 23°E,9 km/h
52°N 23°E,9 km/h
52°N 23°E,9 km/h
52°N 23°E,9 km/h
51°N 23°E,9 km/h
51°N 23°E,8 km/h
50°N 23°E,11 km/h
50°N 23°E,7 km/h
49°N 23°E,3 km/h
49°N 23°E,4 km/h
48°N 23°E,4 km/h
48°N 23°E,5 km/h
47°N 23°E,7 km/h
47°N 23°E,6 km/h
46°N 23°E,5 km/h
46°N 23°E,6 km/h
45°N 23°E,4 km/h
45°N 23°E,4 km/h
44°N 23°E,7 km/h
44°N 23°E,6 km/h
43°N 23°E,3 km/h
43°N 23°E,6 km/h
42°N 23°E,3 km/h
42°N 23°E,7 km/h
41°N 23°E,7 km/h
41°N 23°E,1 km/h
40°N 23°E,6 km/h
40°N 23°E,17 km/h
39°N 23°E,19 km/h
39°N 23°E,3 km/h
38°N 23°E,2 km/h
38°N 23°E,11 km/h
37°N 23°E,34 km/h
60°N 24°E,16 km/h
60°N 24°E,25 km/h
59°N 24°E,24 km/h
59°N 24°E,9 km/h
59°N 24°E,5 km/h
58°N 24°E,10 km/h
58°N 24°E,12 km/h
58°N 24°E,12 km/h
57°N 24°E,9 km/h
57°N 24°E,6 km/h
56°N 24°E,6 km/h
56°N 24°E,9 km/h
56°N 24°E,11 km/h
55°N 24°E,9 km/h
55°N 24°E,5 km/h
54°N 24°E,3 km/h
54°N 24°E,2 km/h
54°N 24°E,6 km/h
53°N 24°E,11 km/h
53°N 24°E,10 km/h
52°N 24°E,7 km/h
52°N 24°E,8 km/h
52°N 24°E,10 km/h
51°N 24°E,10 km/h
51°N 24°E,9 km/h
50°N 24°E,7 km/h
50°N 24°E,12 km/h
49°N 24°E,12 km/h
49°N 24°E,7 km/h
48°N 24°E,7 km/h
48°N 24°E,5 km/h
47°N 24°E,3 km/h
47°N 24°E,5 km/h
46°N 24°E,5 km/h
46°N 24°E,5 km/h
45°N 24°E,7 km/h
45°N 24°E,3 km/h
44°N 24°E,4 km/h
44°N 24°E,2 km/h
43°N 24°E,8 km/h
43°N 24°E,9 km/h
42°N 24°E,8 km/h
42°N 24°E,3 km/h
41°N 24°E,8 km/h
41°N 24°E,7 km/h
40°N 24°E,10 km/h
40°N 24°E,17 km/h
39°N 24°E,22 km/h
39°N 24°E,21 km/h
38°N 24°E,17 km/h
38°N 24°E,39 km/h
37°N 24°E,37 km/h
60°N 25°E,20 km/h
60°N 25°E,24 km/h
59°N 25°E,16 km/h
59°N 25°E,11 km/h
59°N 25°E,7 km/h
58°N 25°E,6 km/h
58°N 25°E,6 km/h
58°N 25°E,7 km/h
57°N 25°E,6 km/h
57°N 25°E,5 km/h
56°N 25°E,5 km/h
56°N 25°E,7 km/h
56°N 25°E,7 km/h
55°N 25°E,6 km/h
55°N 25°E,4 km/h
54°N 25°E,4 km/h
54°N 25°E,3 km/h
54°N 25°E,6 km/h
53°N 25°E,12 km/h
53°N 25°E,15 km/h
52°N 25°E,13 km/h
52°N 25°E,12 km/h
52°N 25°E,13 km/h
51°N 25°E,12 km/h
51°N 25°E,12 km/h
50°N 25°E,9 km/h
50°N 25°E,9 km/h
49°N 25°E,12 km/h
49°N 25°E,10 km/h
48°N 25°E,5 km/h
48°N 25°E,6 km/h
47°N 25°E,6 km/h
47°N 25°E,6 km/h
46°N 25°E,9 km/h
46°N 25°E,6 km/h
45°N 25°E,6 km/h
45°N 25°E,7 km/h
44°N 25°E,5 km/h
44°N 25°E,2 km/h
43°N 25°E,3 km/h
43°N 25°E,3 km/h
42°N 25°E,5 km/h
42°N 25°E,1 km/h
41°N 25°E,5 km/h
41°N 25°E,10 km/h
40°N 25°E,18 km/h
40°N 25°E,22 km/h
39°N 25°E,29 km/h
39°N 25°E,36 km/h
38°N 25°E,33 km/h
38°N 25°E,33 km/h
37°N 25°E,32 km/h
60°N 26°E,26 km/h
60°N 26°E,24 km/h
59°N 26°E,9 km/h
59°N 26°E,12 km/h
59°N 26°E,10 km/h
58°N 26°E,6 km/h
58°N 26°E,6 km/h
58°N 26°E,8 km/h
57°N 26°E,9 km/h
57°N 26°E,9 km/h
56°N 26°E,8 km/h
56°N 26°E,8 km/h
56°N 26°E,5 km/h
55°N 26°E,4 km/h
55°N 26°E,4 km/h
54°N 26°E,4 km/h
54°N 26°E,6 km/h
54°N 26°E,8 km/h
53°N 26°E,11 km/h
53°N 26°E,12 km/h
52°N 26°E,12 km/h
52°N 26°E,12 km/h
52°N 26°E,13 km/h
51°N 26°E,10 km/h
51°N 26°E,9 km/h
50°N 26°E,12 km/h
50°N 26°E,13 km/h
49°N 26°E,13 km/h
49°N 26°E,16 km/h
48°N 26°E,15 km/h
48°N 26°E,9 km/h
47°N 26°E,5 km/h
47°N 26°E,1 km/h
46°N 26°E,3 km/h
46°N 26°E,3 km/h
45°N 26°E,2 km/h
45°N 26°E,3 km/h
44°N 26°E,4 km/h
44°N 26°E,4 km/h
43°N 26°E,9 km/h
43°N 26°E,5 km/h
42°N 26°E,0 km/h
42°N 26°E,1 km/h
41°N 26°E,4 km/h
41°N 26°E,15 km/h
40°N 26°E,30 km/h
40°N 26°E,32 km/h
39°N 26°E,34 km/h
39°N 26°E,31 km/h
38°N 26°E,45 km/h
38°N 26°E,35 km/h
37°N 26°E,21 km/h
60°N 26°E,24 km/h
60°N 26°E,23 km/h
59°N 26°E,8 km/h
59°N 26°E,10 km/h
59°N 26°E,8 km/h
58°N 26°E,5 km/h
58°N 26°E,5 km/h
58°N 26°E,6 km/h
57°N 26°E,8 km/h
57°N 26°E,9 km/h
56°N 26°E,8 km/h
56°N 26°E,8 km/h
56°N 26°E,8 km/h
55°N 26°E,7 km/h
55°N 26°E,7 km/h
54°N 26°E,6 km/h
54°N 26°E,5 km/h
54°N 26°E,5 km/h
53°N 26°E,7 km/h
53°N 26°E,8 km/h
52°N 26°E,10 km/h
52°N 26°E,12 km/h
52°N 26°E,13 km/h
51°N 26°E,12 km/h
51°N 26°E,13 km/h
50°N 26°E,14 km/h
50°N 26°E,16 km/h
49°N 26°E,14 km/h
49°N 26°E,10 km/h
48°N 26°E,15 km/h
48°N 26°E,19 km/h
47°N 26°E,10 km/h
47°N 26°E,3 km/h
46°N 26°E,5 km/h
46°N 26°E,4 km/h
45°N 26°E,7 km/h
45°N 26°E,3 km/h
44°N 26°E,4 km/h
44°N 26°E,2 km/h
43°N 26°E,6 km/h
43°N 26°E,6 km/h
42°N 26°E,5 km/h
42°N 26°E,3 km/h
41°N 26°E,3 km/h
41°N 26°E,14 km/h
40°N 26°E,22 km/h
40°N 26°E,18 km/h
39°N 26°E,16 km/h
39°N 26°E,11 km/h
38°N 26°E,22 km/h
38°N 26°E,26 km/h
37°N 26°E,35 km/h
60°N 27°E,18 km/h
60°N 27°E,21 km/h
59°N 27°E,15 km/h
59°N 27°E,7 km/h
59°N 27°E,8 km/h
58°N 27°E,9 km/h
58°N 27°E,4 km/h
58°N 27°E,7 km/h
57°N 27°E,8 km/h
57°N 27°E,7 km/h
56°N 27°E,6 km/h
56°N 27°E,8 km/h
56°N 27°E,9 km/h
55°N 27°E,9 km/h
55°N 27°E,8 km/h
54°N 27°E,6 km/h
54°N 27°E,7 km/h
54°N 27°E,8 km/h
53°N 27°E,8 km/h
53°N 27°E,8 km/h
52°N 27°E,9 km/h
52°N 27°E,15 km/h
52°N 27°E,16 km/h
51°N 27°E,16 km/h
51°N 27°E,15 km/h
50°N 27°E,14 km/h
50°N 27°E,15 km/h
49°N 27°E,14 km/h
49°N 27°E,13 km/h
48°N 27°E,15 km/h
48°N 27°E,18 km/h
47°N 27°E,16 km/h
47°N 27°E,12 km/h
46°N 27°E,11 km/h
46°N 27°E,11 km/h
45°N 27°E,3 km/h
45°N 27°E,5 km/h
44°N 27°E,7 km/h
44°N 27°E,5 km/h
43°N 27°E,3 km/h
43°N 27°E,4 km/h
42°N 27°E,3 km/h
42°N 27°E,10 km/h
41°N 27°E,7 km/h
41°N 27°E,11 km/h
40°N 27°E,12 km/h
40°N 27°E,8 km/h
39°N 27°E,14 km/h
39°N 27°E,12 km/h
38°N 27°E,15 km/h
38°N 27°E,23 km/h
37°N 27°E,31 km/h
60°N 28°E,18 km/h
60°N 28°E,23 km/h
59°N 28°E,20 km/h
59°N 28°E,8 km/h
59°N 28°E,9 km/h
58°N 28°E,15 km/h
58°N 28°E,13 km/h
58°N 28°E,14 km/h
57°N 28°E,13 km/h
57°N 28°E,9 km/h
56°N 28°E,7 km/h
56°N 28°E,9 km/h
56°N 28°E,11 km/h
55°N 28°E,11 km/h
55°N 28°E,8 km/h
54°N 28°E,6 km/h
54°N 28°E,10 km/h
54°N 28°E,13 km/h
53°N 28°E,13 km/h
53°N 28°E,10 km/h
52°N 28°E,9 km/h
52°N 28°E,15 km/h
52°N 28°E,15 km/h
51°N 28°E,12 km/h
51°N 28°E,12 km/h
50°N 28°E,13 km/h
50°N 28°E,13 km/h
49°N 28°E,15 km/h
49°N 28°E,17 km/h
48°N 28°E,17 km/h
48°N 28°E,16 km/h
47°N 28°E,19 km/h
47°N 28°E,21 km/h
46°N 28°E,23 km/h
46°N 28°E,15 km/h
45°N 28°E,0 km/h
45°N 28°E,5 km/h
44°N 28°E,6 km/h
44°N 28°E,5 km/h
43°N 28°E,5 km/h
43°N 28°E,9 km/h
42°N 28°E,8 km/h
42°N 28°E,0 km/h
41°N 28°E,6 km/h
41°N 28°E,14 km/h
40°N 28°E,13 km/h
40°N 28°E,7 km/h
39°N 28°E,12 km/h
39°N 28°E,4 km/h
38°N 28°E,4 km/h
38°N 28°E,7 km/h
37°N 28°E,5 km/h
60°N 28°E,19 km/h
60°N 28°E,17 km/h
59°N 28°E,9 km/h
59°N 28°E,5 km/h
59°N 28°E,9 km/h
58°N 28°E,12 km/h
58°N 28°E,9 km/h
58°N 28°E,10 km/h
57°N 28°E,9 km/h
57°N 28°E,6 km/h
56°N 28°E,5 km/h
56°N 28°E,8 km/h
56°N 28°E,9 km/h
55°N 28°E,9 km/h
55°N 28°E,8 km/h
54°N 28°E,9 km/h
54°N 28°E,9 km/h
54°N 28°E,10 km/h
53°N 28°E,10 km/h
53°N 28°E,7 km/h
52°N 28°E,9 km/h
52°N 28°E,15 km/h
52°N 28°E,14 km/h
51°N 28°E,12 km/h
51°N 28°E,15 km/h
50°N 28°E,15 km/h
50°N 28°E,14 km/h
49°N 28°E,16 km/h
49°N 28°E,14 km/h
48°N 28°E,12 km/h
48°N 28°E,14 km/h
47°N 28°E,16 km/h
47°N 28°E,18 km/h
46°N 28°E,18 km/h
46°N 28°E,18 km/h
45°N 28°E,7 km/h
45°N 28°E,6 km/h
44°N 28°E,9 km/h
44°N 28°E,11 km/h
43°N 28°E,13 km/h
43°N 28°E,13 km/h
42°N 28°E,15 km/h
42°N 28°E,10 km/h
41°N 28°E,10 km/h
41°N 28°E,19 km/h
40°N 28°E,14 km/h
40°N 28°E,2 km/h
39°N 28°E,9 km/h
39°N 28°E,6 km/h
38°N 28°E,10 km/h
38°N 28°E,5 km/h
37°N 28°E,7 km/h
60°N 29°E,16 km/h
60°N 29°E,16 km/h
59°N 29°E,10 km/h
59°N 29°E,5 km/h
59°N 29°E,5 km/h
58°N 29°E,7 km/h
58°N 29°E,6 km/h
58°N 29°E,7 km/h
57°N 29°E,8 km/h
57°N 29°E,6 km/h
56°N 29°E,6 km/h
56°N 29°E,8 km/h
56°N 29°E,9 km/h
55°N 29°E,9 km/h
55°N 29°E,8 km/h
54°N 29°E,9 km/h
54°N 29°E,8 km/h
54°N 29°E,10 km/h
53°N 29°E,9 km/h
53°N 29°E,8 km/h
52°N 29°E,9 km/h
52°N 29°E,12 km/h
52°N 29°E,14 km/h
51°N 29°E,12 km/h
51°N 29°E,13 km/h
50°N 29°E,16 km/h
50°N 29°E,17 km/h
49°N 29°E,17 km/h
49°N 29°E,15 km/h
48°N 29°E,11 km/h
48°N 29°E,9 km/h
47°N 29°E,11 km/h
47°N 29°E,14 km/h
46°N 29°E,14 km/h
46°N 29°E,12 km/h
45°N 29°E,16 km/h
45°N 29°E,18 km/h
44°N 29°E,28 km/h
44°N 29°E,27 km/h
43°N 29°E,23 km/h
43°N 29°E,22 km/h
42°N 29°E,18 km/h
42°N 29°E,19 km/h
41°N 29°E,12 km/h
41°N 29°E,11 km/h
40°N 29°E,7 km/h
40°N 29°E,3 km/h
39°N 29°E,10 km/h
39°N 29°E,11 km/h
38°N 29°E,8 km/h
38°N 29°E,8 km/h
37°N 29°E,12 km/h
60°N 30°E,13 km/h
60°N 30°E,17 km/h
59°N 30°E,15 km/h
59°N 30°E,10 km/h
59°N 30°E,8 km/h
58°N 30°E,8 km/h
58°N 30°E,7 km/h
58°N 30°E,9 km/h
57°N 30°E,10 km/h
57°N 30°E,11 km/h
56°N 30°E,12 km/h
56°N 30°E,13 km/h
56°N 30°E,11 km/h
55°N 30°E,8 km/h
55°N 30°E,7 km/h
54°N 30°E,8 km/h
54°N 30°E,9 km/h
54°N 30°E,10 km/h
53°N 30°E,9 km/h
53°N 30°E,9 km/h
52°N 30°E,10 km/h
52°N 30°E,11 km/h
52°N 30°E,12 km/h
51°N 30°E,12 km/h
51°N 30°E,12 km/h
50°N 30°E,15 km/h
50°N 30°E,16 km/h
49°N 30°E,17 km/h
49°N 30°E,17 km/h
48°N 30°E,14 km/h
48°N 30°E,13 km/h
47°N 30°E,15 km/h
47°N 30°E,16 km/h
46°N 30°E,14 km/h
46°N 30°E,11 km/h
45°N 30°E,23 km/h
45°N 30°E,24 km/h
44°N 30°E,35 km/h
44°N 30°E,35 km/h
43°N 30°E,27 km/h
43°N 30°E,27 km/h
42°N 30°E,17 km/h
42°N 30°E,11 km/h
41°N 30°E,4 km/h
41°N 30°E,4 km/h
40°N 30°E,4 km/h
40°N 30°E,0 km/h
39°N 30°E,7 km/h
39°N 30°E,7 km/h
38°N 30°E,6 km/h
38°N 30°E,1 km/h
37°N 30°E,4 km/h
60°N 30°E,13 km/h
60°N 30°E,11 km/h
59°N 30°E,10 km/h
59°N 30°E,12 km/h
59°N 30°E,14 km/h
58°N 30°E,14 km/h
58°N 30°E,10 km/h
58°N 30°E,11 km/h
57°N 30°E,10 km/h
57°N 30°E,8 km/h
56°N 30°E,7 km/h
56°N 30°E,7 km/h
56°N 30°E,7 km/h
55°N 30°E,6 km/h
55°N 30°E,8 km/h
54°N 30°E,12 km/h
54°N 30°E,11 km/h
54°N 30°E,10 km/h
53°N 30°E,11 km/h
53°N 30°E,11 km/h
52°N 30°E,10 km/h
52°N 30°E,10 km/h
52°N 30°E,13 km/h
51°N 30°E,15 km/h
51°N 30°E,12 km/h
50°N 30°E,15 km/h
50°N 30°E,17 km/h
49°N 30°E,16 km/h
49°N 30°E,16 km/h
48°N 30°E,15 km/h
48°N 30°E,12 km/h
47°N 30°E,12 km/h
47°N 30°E,11 km/h
46°N 30°E,12 km/h
46°N 30°E,21 km/h
45°N 30°E,29 km/h
45°N 30°E,32 km/h
44°N 30°E,34 km/h
44°N 30°E,34 km/h
43°N 30°E,29 km/h
43°N 30°E,26 km/h
42°N 30°E,20 km/h
42°N 30°E,16 km/h
41°N 30°E,4 km/h
41°N 30°E,2 km/h
40°N 30°E,2 km/h
40°N 30°E,2 km/h
39°N 30°E,4 km/h
39°N 30°E,8 km/h
38°N 30°E,7 km/h
38°N 30°E,10 km/h
37°N 30°E,7 km/h
60°N 31°E,16 km/h
60°N 31°E,11 km/h
59°N 31°E,9 km/h
59°N 31°E,9 km/h
59°N 31°E,10 km/h
58°N 31°E,11 km/h
58°N 31°E,10 km/h
58°N 31°E,8 km/h
57°N 31°E,5 km/h
57°N 31°E,3 km/h
56°N 31°E,5 km/h
56°N 31°E,7 km/h
56°N 31°E,7 km/h
55°N 31°E,6 km/h
55°N 31°E,8 km/h
54°N 31°E,10 km/h
54°N 31°E,10 km/h
54°N 31°E,9 km/h
53°N 31°E,10 km/h
53°N 31°E,12 km/h
52°N 31°E,11 km/h
52°N 31°E,10 km/h
52°N 31°E,14 km/h
51°N 31°E,18 km/h
51°N 31°E,14 km/h
50°N 31°E,15 km/h
50°N 31°E,15 km/h
49°N 31°E,13 km/h
49°N 31°E,13 km/h
48°N 31°E,13 km/h
48°N 31°E,11 km/h
47°N 31°E,11 km/h
47°N 31°E,13 km/h
46°N 31°E,17 km/h
46°N 31°E,26 km/h
45°N 31°E,29 km/h
45°N 31°E,34 km/h
44°N 31°E,24 km/h
44°N 31°E,27 km/h
43°N 31°E,31 km/h
43°N 31°E,22 km/h
42°N 31°E,21 km/h
42°N 31°E,13 km/h
41°N 31°E,4 km/h
41°N 31°E,3 km/h
40°N 31°E,4 km/h
40°N 31°E,4 km/h
39°N 31°E,1 km/h
39°N 31°E,4 km/h
38°N 31°E,14 km/h
38°N 31°E,14 km/h
37°N 31°E,8 km/h
